Agent,Scenario,Rank,FeatureName,MacroGroup,SKU_ID,MeanAbsSHAP
DQN,EASY,1,sales_SKU64,sales,64,0.0028083001613618
DQN,EASY,2,sales_SKU163,sales,163,0.0027792632191308
DQN,EASY,3,sales_SKU100,sales,100,0.0026248988577297
DQN,EASY,4,sales_SKU46,sales,46,0.0025813035488128
DQN,EASY,5,sales_SKU155,sales,155,0.0025310471272669
DQN,EASY,6,sales_SKU43,sales,43,0.0025198160443987
DQN,EASY,7,sales_SKU118,sales,118,0.0024150223348822
DQN,EASY,8,sales_SKU215,sales,215,0.0018970036947301
DQN,EASY,9,inventory_SKU0,inventory,0,0.0007993496743913
DQN,EASY,10,inventory_SKU5,inventory,5,0.0007993496743913
DQN,EASY,11,inventory_SKU6,inventory,6,0.0007993496743913
DQN,EASY,12,inventory_SKU7,inventory,7,0.0007993496743913
DQN,EASY,13,inventory_SKU8,inventory,8,0.0007993496743913
DQN,EASY,14,inventory_SKU9,inventory,9,0.0007993496743913
DQN,EASY,15,inventory_SKU10,inventory,10,0.0007993496743913
DQN,EASY,16,inventory_SKU11,inventory,11,0.0007993496743913
DQN,EASY,17,inventory_SKU12,inventory,12,0.0007993496743913
DQN,EASY,18,inventory_SKU13,inventory,13,0.0007993496743913
DQN,EASY,19,inventory_SKU14,inventory,14,0.0007993496743913
DQN,EASY,20,inventory_SKU15,inventory,15,0.0007993496743913
DQN,MEDIUM,1,sales_SKU64,sales,64,0.0027443784986224
DQN,MEDIUM,2,sales_SKU163,sales,163,0.002607857930128
DQN,MEDIUM,3,sales_SKU46,sales,46,0.00244072802748
DQN,MEDIUM,4,sales_SKU155,sales,155,0.0024181232889396
DQN,MEDIUM,5,sales_SKU118,sales,118,0.0023356568796294
DQN,MEDIUM,6,sales_SKU43,sales,43,0.0021515649284635
DQN,MEDIUM,7,sales_SKU100,sales,100,0.002133837340985
DQN,MEDIUM,8,sales_SKU215,sales,215,0.0017698169825332
DQN,MEDIUM,9,inventory_SKU0,inventory,0,0.0007643867505393
DQN,MEDIUM,10,inventory_SKU5,inventory,5,0.0007643867505393
DQN,MEDIUM,11,inventory_SKU6,inventory,6,0.0007643867505393
DQN,MEDIUM,12,inventory_SKU7,inventory,7,0.0007643867505393
DQN,MEDIUM,13,inventory_SKU8,inventory,8,0.0007643867505393
DQN,MEDIUM,14,inventory_SKU9,inventory,9,0.0007643867505393
DQN,MEDIUM,15,inventory_SKU10,inventory,10,0.0007643867505393
DQN,MEDIUM,16,inventory_SKU11,inventory,11,0.0007643867505393
DQN,MEDIUM,17,inventory_SKU12,inventory,12,0.0007643867505393
DQN,MEDIUM,18,inventory_SKU13,inventory,13,0.0007643867505393
DQN,MEDIUM,19,inventory_SKU14,inventory,14,0.0007643867505393
DQN,MEDIUM,20,inventory_SKU15,inventory,15,0.0007643867505393
DQN,HARD,1,sales_SKU64,sales,64,0.0025304189886366
DQN,HARD,2,sales_SKU163,sales,163,0.0024670546261327
DQN,HARD,3,sales_SKU46,sales,46,0.0023140465463911
DQN,HARD,4,sales_SKU155,sales,155,0.002288960682274
DQN,HARD,5,sales_SKU118,sales,118,0.0022562945144517
DQN,HARD,6,sales_SKU43,sales,43,0.0019019907287189
DQN,HARD,7,sales_SKU100,sales,100,0.0018369224642004
DQN,HARD,8,sales_SKU215,sales,215,0.0016357809792671
DQN,HARD,9,inventory_SKU0,inventory,0,0.0007306368246314
DQN,HARD,10,inventory_SKU5,inventory,5,0.0007306368246314
DQN,HARD,11,inventory_SKU6,inventory,6,0.0007306368246314
DQN,HARD,12,inventory_SKU7,inventory,7,0.0007306368246314
DQN,HARD,13,inventory_SKU8,inventory,8,0.0007306368246314
DQN,HARD,14,inventory_SKU9,inventory,9,0.0007306368246314
DQN,HARD,15,inventory_SKU10,inventory,10,0.0007306368246314
DQN,HARD,16,inventory_SKU11,inventory,11,0.0007306368246314
DQN,HARD,17,inventory_SKU12,inventory,12,0.0007306368246314
DQN,HARD,18,inventory_SKU13,inventory,13,0.0007306368246314
DQN,HARD,19,inventory_SKU14,inventory,14,0.0007306368246314
DQN,HARD,20,inventory_SKU15,inventory,15,0.0007306368246314
A2C_mod,EASY,1,sales_SKU163,sales,163,0.000440571588034
A2C_mod,EASY,2,sales_SKU155,sales,155,0.0004317356840936
A2C_mod,EASY,3,sales_SKU64,sales,64,0.0004152261244282
A2C_mod,EASY,4,sales_SKU46,sales,46,0.0003960198625101
A2C_mod,EASY,5,sales_SKU118,sales,118,0.0002775347652288
A2C_mod,EASY,6,sales_SKU215,sales,215,0.0002154957074736
A2C_mod,EASY,7,sales_SKU43,sales,43,0.0001497807870585
A2C_mod,EASY,8,sales_SKU100,sales,100,0.0001475608757968
A2C_mod,EASY,9,inventory_SKU0,inventory,0,0.0001048428662399
A2C_mod,EASY,10,inventory_SKU5,inventory,5,0.0001048428662399
A2C_mod,EASY,11,inventory_SKU6,inventory,6,0.0001048428662399
A2C_mod,EASY,12,inventory_SKU7,inventory,7,0.0001048428662399
A2C_mod,EASY,13,inventory_SKU8,inventory,8,0.0001048428662399
A2C_mod,EASY,14,inventory_SKU9,inventory,9,0.0001048428662399
A2C_mod,EASY,15,inventory_SKU10,inventory,10,0.0001048428662399
A2C_mod,EASY,16,inventory_SKU11,inventory,11,0.0001048428662399
A2C_mod,EASY,17,inventory_SKU12,inventory,12,0.0001048428662399
A2C_mod,EASY,18,inventory_SKU13,inventory,13,0.0001048428662399
A2C_mod,EASY,19,inventory_SKU14,inventory,14,0.0001048428662399
A2C_mod,EASY,20,inventory_SKU15,inventory,15,0.0001048428662399
A2C_mod,MEDIUM,1,sales_SKU163,sales,163,0.000405557645689
A2C_mod,MEDIUM,2,sales_SKU155,sales,155,0.0004035135520138
A2C_mod,MEDIUM,3,sales_SKU64,sales,64,0.0003999940274445
A2C_mod,MEDIUM,4,sales_SKU46,sales,46,0.000395313338502
A2C_mod,MEDIUM,5,sales_SKU118,sales,118,0.0002740823770864
A2C_mod,MEDIUM,6,sales_SKU215,sales,215,0.0002083721076071
A2C_mod,MEDIUM,7,sales_SKU43,sales,43,0.0001397894853035
A2C_mod,MEDIUM,8,sales_SKU100,sales,100,0.000139229386146
A2C_mod,MEDIUM,9,sales_SKU219,sales,219,9.899559367098394e-05
A2C_mod,MEDIUM,10,waste_feat_SKU8,waste_feat,8,9.899559367098394e-05
A2C_mod,MEDIUM,11,waste_feat_SKU182,waste_feat,182,9.899559367098394e-05
A2C_mod,MEDIUM,12,waste_feat_SKU5,waste_feat,5,9.899559367098394e-05
A2C_mod,MEDIUM,13,waste_feat_SKU7,waste_feat,7,9.899559367098394e-05
A2C_mod,MEDIUM,14,inventory_SKU8,inventory,8,9.899559367098394e-05
A2C_mod,MEDIUM,15,inventory_SKU48,inventory,48,9.899559367098394e-05
A2C_mod,MEDIUM,16,waste_feat_SKU186,waste_feat,186,9.899559367098394e-05
A2C_mod,MEDIUM,17,sales_SKU183,sales,183,9.899559367098394e-05
A2C_mod,MEDIUM,18,inventory_SKU50,inventory,50,9.899559367098394e-05
A2C_mod,MEDIUM,19,sales_SKU168,sales,168,9.899559367098394e-05
A2C_mod,MEDIUM,20,sales_SKU180,sales,180,9.899559367098394e-05
A2C_mod,HARD,1,sales_SKU64,sales,64,0.0003918564926029
A2C_mod,HARD,2,sales_SKU155,sales,155,0.0003883155444342
A2C_mod,HARD,3,sales_SKU163,sales,163,0.0003757096840614
A2C_mod,HARD,4,sales_SKU46,sales,46,0.0003376940618806
A2C_mod,HARD,5,sales_SKU118,sales,118,0.0002670511228248
A2C_mod,HARD,6,sales_SKU215,sales,215,0.0001845342514346
A2C_mod,HARD,7,sales_SKU43,sales,43,0.0001319818237624
A2C_mod,HARD,8,sales_SKU100,sales,100,0.0001283378287132
A2C_mod,HARD,9,inventory_SKU167,inventory,167,9.338341701751408e-05
A2C_mod,HARD,10,waste_feat_SKU167,waste_feat,167,9.338341701751408e-05
A2C_mod,HARD,11,waste_feat_SKU23,waste_feat,23,9.338341701751408e-05
A2C_mod,HARD,12,sales_SKU211,sales,211,9.338341701751408e-05
A2C_mod,HARD,13,inventory_SKU23,inventory,23,9.338341701751408e-05
A2C_mod,HARD,14,sales_SKU156,sales,156,9.338341701751406e-05
A2C_mod,HARD,15,inventory_SKU47,inventory,47,9.338341701751406e-05
A2C_mod,HARD,16,waste_feat_SKU212,waste_feat,212,9.338341701751406e-05
A2C_mod,HARD,17,waste_feat_SKU218,waste_feat,218,9.338341701751406e-05
A2C_mod,HARD,18,inventory_SKU4,inventory,4,9.338341701751406e-05
A2C_mod,HARD,19,inventory_SKU5,inventory,5,9.338341701751406e-05
A2C_mod,HARD,20,inventory_SKU8,inventory,8,9.338341701751406e-05
