Agent,Scenario,n_states,Target,Rank,FeatureName,MacroGroup,SKU_ID,MeanAbsSHAP
A2C_mod,EASY,10,logits,1,sales_SKU163,sales,163,0.0006560660213299208
A2C_mod,EASY,10,logits,2,sales_SKU155,sales,155,0.0006524446946791168
A2C_mod,EASY,10,logits,3,sales_SKU64,sales,64,0.0006120264222143034
A2C_mod,EASY,10,logits,4,sales_SKU46,sales,46,0.0005983413026872342
A2C_mod,EASY,10,logits,5,sales_SKU118,sales,118,0.00040930337723850565
A2C_mod,EASY,10,logits,6,sales_SKU215,sales,215,0.0003175630298062103
A2C_mod,EASY,10,logits,7,sales_SKU100,sales,100,0.00026755928535976897
A2C_mod,EASY,10,logits,8,sales_SKU43,sales,43,0.0002499568207494374
A2C_mod,EASY,10,logits,9,inventory_SKU11,inventory,11,0.00018786798549267784
A2C_mod,EASY,10,logits,10,inventory_SKU14,inventory,14,0.00017622989431671416
A2C_mod,EASY,10,logits,11,inventory_SKU8,inventory,8,0.00016865767724105228
A2C_mod,EASY,10,logits,12,inventory_SKU13,inventory,13,0.00016115807718289346
A2C_mod,EASY,10,logits,13,inventory_SKU9,inventory,9,0.00016044311250576688
A2C_mod,EASY,10,logits,14,inventory_SKU6,inventory,6,0.0001583888892864681
A2C_mod,EASY,10,logits,15,inventory_SKU15,inventory,15,0.00015283998726735486
A2C_mod,EASY,10,logits,16,inventory_SKU0,inventory,0,0.0001476549791095574
A2C_mod,EASY,10,logits,17,inventory_SKU5,inventory,5,0.00014288336855465384
A2C_mod,EASY,10,logits,18,inventory_SKU7,inventory,7,0.0001409529891026113
A2C_mod,EASY,10,logits,19,inventory_SKU10,inventory,10,0.00013447730736873418
A2C_mod,EASY,10,logits,20,inventory_SKU12,inventory,12,0.00013185146255741798
A2C_mod,EASY,20,logits,1,sales_SKU155,sales,155,0.0006535922473677235
A2C_mod,EASY,20,logits,2,sales_SKU163,sales,163,0.0006485530348662869
A2C_mod,EASY,20,logits,3,sales_SKU64,sales,64,0.0006356165902042744
A2C_mod,EASY,20,logits,4,sales_SKU46,sales,46,0.0006045547482977515
A2C_mod,EASY,20,logits,5,sales_SKU118,sales,118,0.0003898029322780557
A2C_mod,EASY,20,logits,6,sales_SKU215,sales,215,0.00030850181823049554
A2C_mod,EASY,20,logits,7,sales_SKU43,sales,43,0.00023380877248546056
A2C_mod,EASY,20,logits,8,sales_SKU100,sales,100,0.00022684013937258825
A2C_mod,EASY,20,logits,9,inventory_SKU5,inventory,5,0.0001901690044682166
A2C_mod,EASY,20,logits,10,inventory_SKU14,inventory,14,0.00018889725889672146
A2C_mod,EASY,20,logits,11,inventory_SKU13,inventory,13,0.00016564521657717448
A2C_mod,EASY,20,logits,12,inventory_SKU6,inventory,6,0.00016509213962400212
A2C_mod,EASY,20,logits,13,inventory_SKU12,inventory,12,0.00015957659153083674
A2C_mod,EASY,20,logits,14,inventory_SKU0,inventory,0,0.00015903630405565054
A2C_mod,EASY,20,logits,15,inventory_SKU9,inventory,9,0.00014784524893897834
A2C_mod,EASY,20,logits,16,inventory_SKU15,inventory,15,0.00013845752925676098
A2C_mod,EASY,20,logits,17,inventory_SKU7,inventory,7,0.00013107380479440554
A2C_mod,EASY,20,logits,18,inventory_SKU8,inventory,8,0.00012358343783522448
A2C_mod,EASY,20,logits,19,inventory_SKU11,inventory,11,0.00012188493043898661
A2C_mod,EASY,20,logits,20,inventory_SKU10,inventory,10,0.00011616927425977329
A2C_mod,EASY,50,logits,1,sales_SKU163,sales,163,0.0006824019141769923
A2C_mod,EASY,50,logits,2,sales_SKU46,sales,46,0.0006415435947138359
A2C_mod,EASY,50,logits,3,sales_SKU64,sales,64,0.0006377977484163934
A2C_mod,EASY,50,logits,4,sales_SKU155,sales,155,0.0006325596598648453
A2C_mod,EASY,50,logits,5,sales_SKU118,sales,118,0.0004402472657540303
A2C_mod,EASY,50,logits,6,sales_SKU215,sales,215,0.0003159180915779488
A2C_mod,EASY,50,logits,7,sales_SKU100,sales,100,0.0002465602304554157
A2C_mod,EASY,50,logits,8,sales_SKU43,sales,43,0.00021915314240587158
A2C_mod,EASY,50,logits,9,inventory_SKU0,inventory,0,0.00017020090021721568
A2C_mod,EASY,50,logits,10,inventory_SKU10,inventory,10,0.00016650490410853686
A2C_mod,EASY,50,logits,11,inventory_SKU12,inventory,12,0.00016553158435702632
A2C_mod,EASY,50,logits,12,inventory_SKU15,inventory,15,0.00016525068926575627
A2C_mod,EASY,50,logits,13,inventory_SKU5,inventory,5,0.00016039925150386215
A2C_mod,EASY,50,logits,14,inventory_SKU8,inventory,8,0.0001523955135056834
A2C_mod,EASY,50,logits,15,inventory_SKU7,inventory,7,0.00014841435617756103
A2C_mod,EASY,50,logits,16,inventory_SKU9,inventory,9,0.00014484068581386143
A2C_mod,EASY,50,logits,17,inventory_SKU11,inventory,11,0.00013885752254483012
A2C_mod,EASY,50,logits,18,inventory_SKU6,inventory,6,0.0001385650974057724
A2C_mod,EASY,50,logits,19,inventory_SKU14,inventory,14,0.00013847623697846656
A2C_mod,EASY,50,logits,20,inventory_SKU13,inventory,13,0.00012340091556988148
A2C_mod,HARD,10,logits,1,sales_SKU155,sales,155,0.000617669409990803
A2C_mod,HARD,10,logits,2,sales_SKU64,sales,64,0.000573203802323183
A2C_mod,HARD,10,logits,3,sales_SKU163,sales,163,0.0005607695460534549
A2C_mod,HARD,10,logits,4,sales_SKU46,sales,46,0.0005423931390217781
A2C_mod,HARD,10,logits,5,sales_SKU118,sales,118,0.0004003747472743233
A2C_mod,HARD,10,logits,6,sales_SKU215,sales,215,0.00028242246093908367
A2C_mod,HARD,10,logits,7,sales_SKU43,sales,43,0.00021760300357939727
A2C_mod,HARD,10,logits,8,sales_SKU100,sales,100,0.0001916304080017308
A2C_mod,HARD,10,logits,9,waste_feat_SKU167,waste_feat,167,0.00016469393658649032
A2C_mod,HARD,10,logits,10,inventory_SKU47,inventory,47,0.00016237197052963295
A2C_mod,HARD,10,logits,11,inventory_SKU5,inventory,5,0.00016027410743866437
A2C_mod,HARD,10,logits,12,sales_SKU211,sales,211,0.0001575080110303967
A2C_mod,HARD,10,logits,13,waste_feat_SKU23,waste_feat,23,0.00015295328139450698
A2C_mod,HARD,10,logits,14,inventory_SKU23,inventory,23,0.00014328295953650714
A2C_mod,HARD,10,logits,15,sales_SKU156,sales,156,0.00013680640601860738
A2C_mod,HARD,10,logits,16,inventory_SKU8,inventory,8,0.00013293097259015383
A2C_mod,HARD,10,logits,17,inventory_SKU4,inventory,4,0.00013192458103301785
A2C_mod,HARD,10,logits,18,waste_feat_SKU212,waste_feat,212,0.00012503922428038663
A2C_mod,HARD,10,logits,19,inventory_SKU167,inventory,167,0.00010571119894185339
A2C_mod,HARD,10,logits,20,waste_feat_SKU218,waste_feat,218,8.114501536829444e-05
A2C_mod,HARD,20,logits,1,sales_SKU163,sales,163,0.0005814579077115749
A2C_mod,HARD,20,logits,2,sales_SKU64,sales,64,0.0005776497675385659
A2C_mod,HARD,20,logits,3,sales_SKU155,sales,155,0.000564535627667676
A2C_mod,HARD,20,logits,4,sales_SKU46,sales,46,0.0005134529207004879
A2C_mod,HARD,20,logits,5,sales_SKU118,sales,118,0.000427994130930087
A2C_mod,HARD,20,logits,6,sales_SKU215,sales,215,0.0002824925474050451
A2C_mod,HARD,20,logits,7,sales_SKU43,sales,43,0.00019093154275037321
A2C_mod,HARD,20,logits,8,sales_SKU100,sales,100,0.00017162894280893886
A2C_mod,HARD,20,logits,9,inventory_SKU167,inventory,167,0.0001512692737950714
A2C_mod,HARD,20,logits,10,inventory_SKU5,inventory,5,0.00014970702603559743
A2C_mod,HARD,20,logits,11,waste_feat_SKU218,waste_feat,218,0.0001442640527840262
A2C_mod,HARD,20,logits,12,sales_SKU156,sales,156,0.00013604093152771605
A2C_mod,HARD,20,logits,13,inventory_SKU23,inventory,23,0.00012820272226057207
A2C_mod,HARD,20,logits,14,waste_feat_SKU212,waste_feat,212,0.00012326086556734844
A2C_mod,HARD,20,logits,15,waste_feat_SKU23,waste_feat,23,0.00012121805315231899
A2C_mod,HARD,20,logits,16,inventory_SKU8,inventory,8,0.0001181935187334219
A2C_mod,HARD,20,logits,17,sales_SKU211,sales,211,0.0001161049461548376
A2C_mod,HARD,20,logits,18,inventory_SKU47,inventory,47,0.0001137900424747088
A2C_mod,HARD,20,logits,19,waste_feat_SKU167,waste_feat,167,0.00011022632148246955
A2C_mod,HARD,20,logits,20,inventory_SKU4,inventory,4,0.00010213481516811867
A2C_mod,HARD,50,logits,1,sales_SKU155,sales,155,0.0005791231879233858
A2C_mod,HARD,50,logits,2,sales_SKU64,sales,64,0.0005775030423320072
A2C_mod,HARD,50,logits,3,sales_SKU163,sales,163,0.0005690977571004771
A2C_mod,HARD,50,logits,4,sales_SKU46,sales,46,0.0004962291264998389
A2C_mod,HARD,50,logits,5,sales_SKU118,sales,118,0.0003875608897385653
A2C_mod,HARD,50,logits,6,sales_SKU215,sales,215,0.000281805962921053
A2C_mod,HARD,50,logits,7,sales_SKU43,sales,43,0.00021250110091961135
A2C_mod,HARD,50,logits,8,sales_SKU100,sales,100,0.00017200427839856995
A2C_mod,HARD,50,logits,9,waste_feat_SKU23,waste_feat,23,0.00016662753865337858
A2C_mod,HARD,50,logits,10,waste_feat_SKU218,waste_feat,218,0.00015847804861588875
A2C_mod,HARD,50,logits,11,waste_feat_SKU167,waste_feat,167,0.00015508931650608232
A2C_mod,HARD,50,logits,12,inventory_SKU4,inventory,4,0.00015273292433538478
A2C_mod,HARD,50,logits,13,sales_SKU156,sales,156,0.0001457152769064839
A2C_mod,HARD,50,logits,14,inventory_SKU8,inventory,8,0.00014219316856395502
A2C_mod,HARD,50,logits,15,waste_feat_SKU212,waste_feat,212,0.0001344260908734512
A2C_mod,HARD,50,logits,16,inventory_SKU47,inventory,47,0.0001285265209646675
A2C_mod,HARD,50,logits,17,inventory_SKU5,inventory,5,0.0001252455448220637
A2C_mod,HARD,50,logits,18,inventory_SKU23,inventory,23,0.00011960697443528094
A2C_mod,HARD,50,logits,19,sales_SKU211,sales,211,0.00011723494455648809
A2C_mod,HARD,50,logits,20,inventory_SKU167,inventory,167,0.00010427175888677218
A2C_mod,MEDIUM,10,logits,1,sales_SKU163,sales,163,0.0006130651830205778
A2C_mod,MEDIUM,10,logits,2,sales_SKU64,sales,64,0.0006111169886725861
A2C_mod,MEDIUM,10,logits,3,sales_SKU155,sales,155,0.0006058396692410934
A2C_mod,MEDIUM,10,logits,4,sales_SKU46,sales,46,0.0006005256358300061
A2C_mod,MEDIUM,10,logits,5,sales_SKU118,sales,118,0.0004110907586187411
A2C_mod,MEDIUM,10,logits,6,sales_SKU215,sales,215,0.00031376338376227375
A2C_mod,MEDIUM,10,logits,7,sales_SKU100,sales,100,0.0002224931372367724
A2C_mod,MEDIUM,10,logits,8,sales_SKU183,sales,183,0.00017488746505172695
A2C_mod,MEDIUM,10,logits,9,sales_SKU43,sales,43,0.00017181010796731857
A2C_mod,MEDIUM,10,logits,10,waste_feat_SKU8,waste_feat,8,0.00016940659840440723
A2C_mod,MEDIUM,10,logits,11,waste_feat_SKU7,waste_feat,7,0.0001652821746206829
A2C_mod,MEDIUM,10,logits,12,waste_feat_SKU5,waste_feat,5,0.0001625088181087519
A2C_mod,MEDIUM,10,logits,13,inventory_SKU48,inventory,48,0.00015283104846150122
A2C_mod,MEDIUM,10,logits,14,sales_SKU168,sales,168,0.00015060153570675537
A2C_mod,MEDIUM,10,logits,15,sales_SKU180,sales,180,0.00014893575371340147
A2C_mod,MEDIUM,10,logits,16,inventory_SKU8,inventory,8,0.0001477642399934413
A2C_mod,MEDIUM,10,logits,17,inventory_SKU50,inventory,50,0.0001462003803946318
A2C_mod,MEDIUM,10,logits,18,waste_feat_SKU182,waste_feat,182,0.00014087925901413767
A2C_mod,MEDIUM,10,logits,19,waste_feat_SKU186,waste_feat,186,0.00012430635010598324
A2C_mod,MEDIUM,10,logits,20,sales_SKU219,sales,219,0.00011101873917919084
A2C_mod,MEDIUM,20,logits,1,sales_SKU64,sales,64,0.0006072409507006518
A2C_mod,MEDIUM,20,logits,2,sales_SKU163,sales,163,0.0006061291778047287
A2C_mod,MEDIUM,20,logits,3,sales_SKU46,sales,46,0.0005970958044596162
A2C_mod,MEDIUM,20,logits,4,sales_SKU155,sales,155,0.0005967160037742028
A2C_mod,MEDIUM,20,logits,5,sales_SKU118,sales,118,0.00046742160911148454
A2C_mod,MEDIUM,20,logits,6,sales_SKU215,sales,215,0.00033352071297081457
A2C_mod,MEDIUM,20,logits,7,waste_feat_SKU8,waste_feat,8,0.00018110019925627973
A2C_mod,MEDIUM,20,logits,8,sales_SKU168,sales,168,0.0001762670977309722
A2C_mod,MEDIUM,20,logits,9,sales_SKU43,sales,43,0.00017579379707713023
A2C_mod,MEDIUM,20,logits,10,sales_SKU100,sales,100,0.00017571999208900737
A2C_mod,MEDIUM,20,logits,11,inventory_SKU8,inventory,8,0.0001609608480667268
A2C_mod,MEDIUM,20,logits,12,waste_feat_SKU182,waste_feat,182,0.00015910057114341508
A2C_mod,MEDIUM,20,logits,13,waste_feat_SKU5,waste_feat,5,0.00015309101911291928
A2C_mod,MEDIUM,20,logits,14,waste_feat_SKU7,waste_feat,7,0.00014857103244063098
A2C_mod,MEDIUM,20,logits,15,sales_SKU180,sales,180,0.00014815140758056122
A2C_mod,MEDIUM,20,logits,16,waste_feat_SKU186,waste_feat,186,0.00013754009467026407
A2C_mod,MEDIUM,20,logits,17,sales_SKU183,sales,183,0.00013489694404052679
A2C_mod,MEDIUM,20,logits,18,inventory_SKU50,inventory,50,0.00012490264191364263
A2C_mod,MEDIUM,20,logits,19,sales_SKU219,sales,219,0.00011614263277775118
A2C_mod,MEDIUM,20,logits,20,inventory_SKU48,inventory,48,0.0001146622009719038
A2C_mod,MEDIUM,50,logits,1,sales_SKU46,sales,46,0.0006407766066282839
A2C_mod,MEDIUM,50,logits,2,sales_SKU163,sales,163,0.0006044589703534704
A2C_mod,MEDIUM,50,logits,3,sales_SKU64,sales,64,0.0006001649231654726
A2C_mod,MEDIUM,50,logits,4,sales_SKU155,sales,155,0.0005799242525737079
A2C_mod,MEDIUM,50,logits,5,sales_SKU118,sales,118,0.00043679675228577185
A2C_mod,MEDIUM,50,logits,6,sales_SKU215,sales,215,0.0002861716997013211
A2C_mod,MEDIUM,50,logits,7,sales_SKU100,sales,100,0.00023586499274487043
A2C_mod,MEDIUM,50,logits,8,sales_SKU43,sales,43,0.00022314232830987363
A2C_mod,MEDIUM,50,logits,9,inventory_SKU50,inventory,50,0.00019621331611301157
A2C_mod,MEDIUM,50,logits,10,waste_feat_SKU8,waste_feat,8,0.0001905003586653301
A2C_mod,MEDIUM,50,logits,11,inventory_SKU8,inventory,8,0.0001756534424049696
A2C_mod,MEDIUM,50,logits,12,inventory_SKU48,inventory,48,0.00017092100210641502
A2C_mod,MEDIUM,50,logits,13,waste_feat_SKU7,waste_feat,7,0.00016996702139719734
A2C_mod,MEDIUM,50,logits,14,sales_SKU168,sales,168,0.00016976145824784618
A2C_mod,MEDIUM,50,logits,15,sales_SKU180,sales,180,0.0001682434895368788
A2C_mod,MEDIUM,50,logits,16,waste_feat_SKU182,waste_feat,182,0.0001352305668051754
A2C_mod,MEDIUM,50,logits,17,sales_SKU219,sales,219,0.00013293723484012157
A2C_mod,MEDIUM,50,logits,18,sales_SKU183,sales,183,0.00012157319775316945
A2C_mod,MEDIUM,50,logits,19,waste_feat_SKU5,waste_feat,5,0.00011943218832223822
A2C_mod,MEDIUM,50,logits,20,waste_feat_SKU186,waste_feat,186,9.215520417366055e-05
DQN,EASY,10,logits,1,sales_SKU64,sales,64,0.003374463588418939
DQN,EASY,10,logits,2,sales_SKU163,sales,163,0.003354319605042696
DQN,EASY,10,logits,3,sales_SKU100,sales,100,0.0031782242224768034
DQN,EASY,10,logits,4,sales_SKU46,sales,46,0.003088870951155987
DQN,EASY,10,logits,5,sales_SKU155,sales,155,0.0030677690830278963
DQN,EASY,10,logits,6,sales_SKU43,sales,43,0.00302171533961999
DQN,EASY,10,logits,7,sales_SKU118,sales,118,0.002932200516066739
DQN,EASY,10,logits,8,sales_SKU215,sales,215,0.0022519324875066283
DQN,EASY,10,logits,9,inventory_SKU7,inventory,7,0.000976411701256316
DQN,EASY,10,logits,10,inventory_SKU11,inventory,11,0.000976186888897347
DQN,EASY,10,logits,11,inventory_SKU0,inventory,0,0.0009752357632855415
DQN,EASY,10,logits,12,inventory_SKU10,inventory,10,0.0009688262934297148
DQN,EASY,10,logits,13,inventory_SKU8,inventory,8,0.0009648146489109684
DQN,EASY,10,logits,14,inventory_SKU12,inventory,12,0.0009632595364674328
DQN,EASY,10,logits,15,inventory_SKU15,inventory,15,0.0009609041171785406
DQN,EASY,10,logits,16,inventory_SKU6,inventory,6,0.0009522459067587156
DQN,EASY,10,logits,17,inventory_SKU5,inventory,5,0.0009471308397779529
DQN,EASY,10,logits,18,inventory_SKU9,inventory,9,0.0009444963449788496
DQN,EASY,10,logits,19,inventory_SKU13,inventory,13,0.0009379695831050301
DQN,EASY,10,logits,20,inventory_SKU14,inventory,14,0.0009243962628596963
DQN,EASY,20,logits,1,sales_SKU64,sales,64,0.003387688403971222
DQN,EASY,20,logits,2,sales_SKU163,sales,163,0.0033247227390333853
DQN,EASY,20,logits,3,sales_SKU100,sales,100,0.0031290820976581867
DQN,EASY,20,logits,4,sales_SKU46,sales,46,0.003122252886681342
DQN,EASY,20,logits,5,sales_SKU43,sales,43,0.0030775725494010344
DQN,EASY,20,logits,6,sales_SKU155,sales,155,0.0030281541147558666
DQN,EASY,20,logits,7,sales_SKU118,sales,118,0.0028679117946558076
DQN,EASY,20,logits,8,sales_SKU215,sales,215,0.0022606543342145926
DQN,EASY,20,logits,9,inventory_SKU9,inventory,9,0.0009916382202915914
DQN,EASY,20,logits,10,inventory_SKU5,inventory,5,0.0009787141729049838
DQN,EASY,20,logits,11,inventory_SKU12,inventory,12,0.0009726600574674993
DQN,EASY,20,logits,12,inventory_SKU6,inventory,6,0.000963571402268395
DQN,EASY,20,logits,13,inventory_SKU8,inventory,8,0.0009616060691909574
DQN,EASY,20,logits,14,inventory_SKU14,inventory,14,0.0009563760462040586
DQN,EASY,20,logits,15,inventory_SKU15,inventory,15,0.0009508566845772286
DQN,EASY,20,logits,16,inventory_SKU11,inventory,11,0.0009486696079880231
DQN,EASY,20,logits,17,inventory_SKU10,inventory,10,0.0009482551879754386
DQN,EASY,20,logits,18,inventory_SKU0,inventory,0,0.0009470202011121096
DQN,EASY,20,logits,19,inventory_SKU13,inventory,13,0.0009265911266103267
DQN,EASY,20,logits,20,inventory_SKU7,inventory,7,0.0009086327034190672
DQN,EASY,50,logits,1,sales_SKU64,sales,64,0.0033407915709820386
DQN,EASY,50,logits,2,sales_SKU163,sales,163,0.0033217452209488778
DQN,EASY,50,logits,3,sales_SKU100,sales,100,0.0031321599839763334
DQN,EASY,50,logits,4,sales_SKU46,sales,46,0.0031074234554894276
DQN,EASY,50,logits,5,sales_SKU155,sales,155,0.0030790028213938253
DQN,EASY,50,logits,6,sales_SKU43,sales,43,0.0030602612827024625
DQN,EASY,50,logits,7,sales_SKU118,sales,118,0.002917064114419752
DQN,EASY,50,logits,8,sales_SKU215,sales,215,0.002272989176616769
DQN,EASY,50,logits,9,inventory_SKU7,inventory,7,0.0010075030354633398
DQN,EASY,50,logits,10,inventory_SKU9,inventory,9,0.0009799201755630775
DQN,EASY,50,logits,11,inventory_SKU6,inventory,6,0.0009711947170323812
DQN,EASY,50,logits,12,inventory_SKU12,inventory,12,0.0009653399742343142
DQN,EASY,50,logits,13,inventory_SKU14,inventory,14,0.0009645429527641967
DQN,EASY,50,logits,14,inventory_SKU10,inventory,10,0.0009547900215648729
DQN,EASY,50,logits,15,inventory_SKU5,inventory,5,0.0009473223864350633
DQN,EASY,50,logits,16,inventory_SKU15,inventory,15,0.0009406016881367092
DQN,EASY,50,logits,17,inventory_SKU0,inventory,0,0.0009400221321836427
DQN,EASY,50,logits,18,inventory_SKU13,inventory,13,0.0009396372927190691
DQN,EASY,50,logits,19,inventory_SKU11,inventory,11,0.0009378174636471025
DQN,EASY,50,logits,20,inventory_SKU8,inventory,8,0.0009369499943907865
DQN,HARD,10,logits,1,sales_SKU64,sales,64,0.0030120047986501182
DQN,HARD,10,logits,2,sales_SKU163,sales,163,0.002946123065573209
DQN,HARD,10,logits,3,sales_SKU155,sales,155,0.002760875231687686
DQN,HARD,10,logits,4,sales_SKU46,sales,46,0.002755491930731214
DQN,HARD,10,logits,5,sales_SKU118,sales,118,0.0027239117500176616
DQN,HARD,10,logits,6,sales_SKU43,sales,43,0.002293717327691991
DQN,HARD,10,logits,7,sales_SKU100,sales,100,0.0021928851819253284
DQN,HARD,10,logits,8,sales_SKU215,sales,215,0.0019576764363605495
DQN,HARD,10,logits,9,inventory_SKU6,inventory,6,0.0008966469484742773
DQN,HARD,10,logits,10,inventory_SKU14,inventory,14,0.0008945630635379599
DQN,HARD,10,logits,11,inventory_SKU13,inventory,13,0.0008923379934702269
DQN,HARD,10,logits,12,inventory_SKU7,inventory,7,0.0008867474366852946
DQN,HARD,10,logits,13,inventory_SKU11,inventory,11,0.0008722882564609643
DQN,HARD,10,logits,14,inventory_SKU9,inventory,9,0.0008658302752193011
DQN,HARD,10,logits,15,inventory_SKU15,inventory,15,0.00086541438258181
DQN,HARD,10,logits,16,inventory_SKU12,inventory,12,0.0008576639999189734
DQN,HARD,10,logits,17,inventory_SKU8,inventory,8,0.0008570178483784146
DQN,HARD,10,logits,18,inventory_SKU5,inventory,5,0.0008542604176585707
DQN,HARD,10,logits,19,inventory_SKU10,inventory,10,0.0008542097588357582
DQN,HARD,10,logits,20,inventory_SKU0,inventory,0,0.0008482722809513264
DQN,HARD,20,logits,1,sales_SKU64,sales,64,0.0030412114732853166
DQN,HARD,20,logits,2,sales_SKU163,sales,163,0.0029821489967409545
DQN,HARD,20,logits,3,sales_SKU46,sales,46,0.0027737164945008962
DQN,HARD,20,logits,4,sales_SKU118,sales,118,0.002752129676368688
DQN,HARD,20,logits,5,sales_SKU155,sales,155,0.002745194357592936
DQN,HARD,20,logits,6,sales_SKU43,sales,43,0.0022828591619236363
DQN,HARD,20,logits,7,sales_SKU100,sales,100,0.0021872267833260095
DQN,HARD,20,logits,8,sales_SKU215,sales,215,0.0019691119430694675
DQN,HARD,20,logits,9,inventory_SKU8,inventory,8,0.0008965606716067584
DQN,HARD,20,logits,10,inventory_SKU7,inventory,7,0.0008955142251181562
DQN,HARD,20,logits,11,inventory_SKU13,inventory,13,0.0008926906972357702
DQN,HARD,20,logits,12,inventory_SKU6,inventory,6,0.0008901976133089592
DQN,HARD,20,logits,13,inventory_SKU5,inventory,5,0.0008884226338623902
DQN,HARD,20,logits,14,inventory_SKU14,inventory,14,0.0008867013966489914
DQN,HARD,20,logits,15,inventory_SKU12,inventory,12,0.0008815657041557056
DQN,HARD,20,logits,16,inventory_SKU0,inventory,0,0.0008782974026896037
DQN,HARD,20,logits,17,inventory_SKU9,inventory,9,0.0008756981388821412
DQN,HARD,20,logits,18,inventory_SKU11,inventory,11,0.0008690668912617767
DQN,HARD,20,logits,19,inventory_SKU10,inventory,10,0.000867850130244848
DQN,HARD,20,logits,20,inventory_SKU15,inventory,15,0.0008648030840752216
DQN,HARD,50,logits,1,sales_SKU64,sales,64,0.0030281477840171855
DQN,HARD,50,logits,2,sales_SKU163,sales,163,0.002975769880128366
DQN,HARD,50,logits,3,sales_SKU46,sales,46,0.0028085663491410166
DQN,HARD,50,logits,4,sales_SKU155,sales,155,0.0027749253534980036
DQN,HARD,50,logits,5,sales_SKU118,sales,118,0.0026816320265463426
DQN,HARD,50,logits,6,sales_SKU43,sales,43,0.002292599803725847
DQN,HARD,50,logits,7,sales_SKU100,sales,100,0.0022078125514375948
DQN,HARD,50,logits,8,sales_SKU215,sales,215,0.00196590511758258
DQN,HARD,50,logits,9,inventory_SKU6,inventory,6,0.0008951773405981065
DQN,HARD,50,logits,10,inventory_SKU11,inventory,11,0.0008749863298437929
DQN,HARD,50,logits,11,inventory_SKU5,inventory,5,0.0008748777737147977
DQN,HARD,50,logits,12,inventory_SKU10,inventory,10,0.0008695323729914091
DQN,HARD,50,logits,13,inventory_SKU15,inventory,15,0.0008672689702974286
DQN,HARD,50,logits,14,inventory_SKU9,inventory,9,0.0008632287388659597
DQN,HARD,50,logits,15,inventory_SKU12,inventory,12,0.000859159402241875
DQN,HARD,50,logits,16,inventory_SKU8,inventory,8,0.0008588746357302569
DQN,HARD,50,logits,17,inventory_SKU0,inventory,0,0.0008588124896428141
DQN,HARD,50,logits,18,inventory_SKU7,inventory,7,0.0008438945813110326
DQN,HARD,50,logits,19,inventory_SKU13,inventory,13,0.0008365964555710844
DQN,HARD,50,logits,20,inventory_SKU14,inventory,14,0.0008282148595161832
DQN,MEDIUM,10,logits,1,sales_SKU64,sales,64,0.0033274912955099404
DQN,MEDIUM,10,logits,2,sales_SKU163,sales,163,0.003118224812523367
DQN,MEDIUM,10,logits,3,sales_SKU46,sales,46,0.002934555324990443
DQN,MEDIUM,10,logits,4,sales_SKU155,sales,155,0.0029104118662563227
DQN,MEDIUM,10,logits,5,sales_SKU118,sales,118,0.002814847895777062
DQN,MEDIUM,10,logits,6,sales_SKU43,sales,43,0.002573466007639187
DQN,MEDIUM,10,logits,7,sales_SKU100,sales,100,0.00253686865458432
DQN,MEDIUM,10,logits,8,sales_SKU215,sales,215,0.0021415325216245632
DQN,MEDIUM,10,logits,9,inventory_SKU6,inventory,6,0.0009595597006150013
DQN,MEDIUM,10,logits,10,inventory_SKU5,inventory,5,0.0009451316018960531
DQN,MEDIUM,10,logits,11,inventory_SKU14,inventory,14,0.0009352293839003086
DQN,MEDIUM,10,logits,12,inventory_SKU12,inventory,12,0.000925248129238936
DQN,MEDIUM,10,logits,13,inventory_SKU0,inventory,0,0.0009231660659009878
DQN,MEDIUM,10,logits,14,inventory_SKU13,inventory,13,0.0009205984848728267
DQN,MEDIUM,10,logits,15,inventory_SKU15,inventory,15,0.0009117560789326948
DQN,MEDIUM,10,logits,16,inventory_SKU10,inventory,10,0.0009085389614324455
DQN,MEDIUM,10,logits,17,inventory_SKU9,inventory,9,0.0009058364063284374
DQN,MEDIUM,10,logits,18,inventory_SKU7,inventory,7,0.000884805267316619
DQN,MEDIUM,10,logits,19,inventory_SKU8,inventory,8,0.0008846629288017751
DQN,MEDIUM,10,logits,20,inventory_SKU11,inventory,11,0.0008804042668679932
DQN,MEDIUM,20,logits,1,sales_SKU64,sales,64,0.0032728168684521878
DQN,MEDIUM,20,logits,2,sales_SKU163,sales,163,0.003169391836154073
DQN,MEDIUM,20,logits,3,sales_SKU46,sales,46,0.002933501293856342
DQN,MEDIUM,20,logits,4,sales_SKU155,sales,155,0.0028739217566869984
DQN,MEDIUM,20,logits,5,sales_SKU118,sales,118,0.0028089694930342945
DQN,MEDIUM,20,logits,6,sales_SKU100,sales,100,0.002588825757810561
DQN,MEDIUM,20,logits,7,sales_SKU43,sales,43,0.0025844245395325346
DQN,MEDIUM,20,logits,8,sales_SKU215,sales,215,0.002127311033541633
DQN,MEDIUM,20,logits,9,inventory_SKU12,inventory,12,0.0009411206752325597
DQN,MEDIUM,20,logits,10,inventory_SKU7,inventory,7,0.0009402544363699278
DQN,MEDIUM,20,logits,11,inventory_SKU6,inventory,6,0.0009380827252422154
DQN,MEDIUM,20,logits,12,inventory_SKU11,inventory,11,0.0009355608594588221
DQN,MEDIUM,20,logits,13,inventory_SKU10,inventory,10,0.0009276428422190715
DQN,MEDIUM,20,logits,14,inventory_SKU15,inventory,15,0.0009274966504013824
DQN,MEDIUM,20,logits,15,inventory_SKU9,inventory,9,0.0009263337939031421
DQN,MEDIUM,20,logits,16,inventory_SKU13,inventory,13,0.0009150164205223647
DQN,MEDIUM,20,logits,17,inventory_SKU14,inventory,14,0.0009135666714189161
DQN,MEDIUM,20,logits,18,inventory_SKU5,inventory,5,0.0009094810306177281
DQN,MEDIUM,20,logits,19,inventory_SKU8,inventory,8,0.0009078292436505708
DQN,MEDIUM,20,logits,20,inventory_SKU0,inventory,0,0.0008931839805903953
DQN,MEDIUM,50,logits,1,sales_SKU64,sales,64,0.003263722453496873
DQN,MEDIUM,50,logits,2,sales_SKU163,sales,163,0.0031188118327168213
DQN,MEDIUM,50,logits,3,sales_SKU46,sales,46,0.0029448831131586753
DQN,MEDIUM,50,logits,4,sales_SKU155,sales,155,0.0029076184592373745
DQN,MEDIUM,50,logits,5,sales_SKU118,sales,118,0.0028198750923421794
DQN,MEDIUM,50,logits,6,sales_SKU43,sales,43,0.0026006165352836395
DQN,MEDIUM,50,logits,7,sales_SKU100,sales,100,0.0025678813241013124
DQN,MEDIUM,50,logits,8,sales_SKU215,sales,215,0.0021455023290162796
DQN,MEDIUM,50,logits,9,inventory_SKU10,inventory,10,0.0009364685355490896
DQN,MEDIUM,50,logits,10,inventory_SKU6,inventory,6,0.0009344746924169931
DQN,MEDIUM,50,logits,11,inventory_SKU8,inventory,8,0.0009332073190914498
DQN,MEDIUM,50,logits,12,inventory_SKU9,inventory,9,0.0009254573109722742
DQN,MEDIUM,50,logits,13,inventory_SKU13,inventory,13,0.0009253074454511053
DQN,MEDIUM,50,logits,14,inventory_SKU11,inventory,11,0.0009117789538735211
DQN,MEDIUM,50,logits,15,inventory_SKU14,inventory,14,0.0009108711030725525
DQN,MEDIUM,50,logits,16,inventory_SKU7,inventory,7,0.00090947433980106
DQN,MEDIUM,50,logits,17,inventory_SKU15,inventory,15,0.0008960743525049266
DQN,MEDIUM,50,logits,18,inventory_SKU5,inventory,5,0.0008948619684304333
DQN,MEDIUM,50,logits,19,inventory_SKU0,inventory,0,0.0008923600580603184
DQN,MEDIUM,50,logits,20,inventory_SKU12,inventory,12,0.0008866376940257839
