episode,reward,loss,stockout,waste,overstock,quantile,epsilon,buffer_size,steps
1,0.0738043746224058,0.0,0.03806565647220446,0.01746028682165262,0.1113626026093132,0.7593070851431952,0.997525,900,900
2,0.08455727717987935,0.3746176246744342,0.03454040381953948,0.017739225579425692,0.11440370137906737,0.7487593964073394,0.99505,1800,900
3,0.10971241890302433,0.20425396680004068,0.02538383827234308,0.018168528974056245,0.11718895001129971,0.7295462688472536,0.992575,2700,900
4,0.12456760069293928,0.3205476871298419,0.025333333226024275,0.018398909634496603,0.11981315200941431,0.7118870096736484,0.9901,3600,900
5,0.10839838255798288,0.3059512188575334,0.02698484842096352,0.018185147364727323,0.11637212338960833,0.7300595046414269,0.987625,4500,900
6,0.1317897625636154,0.24067662379807897,0.023757575621517996,0.01848713436888324,0.1199798147401048,0.7059857179058923,0.98515,5400,900
7,0.10158609920362424,0.3713776349069344,0.02855555536121958,0.018013558648009267,0.11476971097911398,0.7370750802755356,0.982675,6300,900
8,0.08607627605088056,0.3338512516228689,0.031646464499644936,0.017787476488802995,0.11299113757701383,0.751498651040925,0.9802,7200,900
9,0.09272468795320796,0.2077185168241461,0.029287878655207655,0.017893833274849585,0.11206255764390032,0.7480310482449002,0.977725,8100,900
10,0.07128034784331652,0.08528410012523334,0.03488383836164657,0.01760783632337633,0.11002720598855781,0.7662007766962051,0.97525,9000,900
11,0.12707208465899586,0.03015313081857231,0.02475757571351197,0.018251721325537398,0.11523113907418317,0.7146874845690198,0.972775,9900,900
12,0.09993018168425705,0.023189743854519395,0.03273232302473237,0.01779325159965083,0.11141071615223255,0.7381335331334008,0.9702999999999999,10800,900
13,0.1452712088826552,0.021359275926111473,0.020525252404105333,0.018563284694941506,0.11693008302193549,0.6987101760837767,0.9678249999999999,11700,900
14,0.15584887632721803,0.02068205642927852,0.021323232216139635,0.018713641410900487,0.1195515778950519,0.6845626772112317,0.9653499999999999,12600,900
15,0.15698983808216224,0.02037056639066173,0.019712121058255434,0.01874703884124756,0.11847733399313357,0.6860736731688182,0.9628749999999999,13500,900
16,0.12112367851274838,0.019997993433434103,0.029419191781845357,0.01813118219608441,0.1119782469701022,0.7193477062384287,0.9603999999999999,14400,900
17,0.1216561084996081,0.019901569412193364,0.027580807904402416,0.0182790982697366,0.11434107564389706,0.7181429147720337,0.9579249999999999,15300,900
18,0.1214800397265612,0.01958690646207995,0.029843434216454624,0.018150155664059437,0.11289278686460522,0.7176335880491469,0.9554499999999999,16200,900
19,0.12620369645016682,0.019545943124426736,0.028681818077651165,0.018234095339559848,0.11295975606578092,0.7139206389586131,0.9529749999999999,17100,900
20,0.12898034970221084,0.019337147511541843,0.02805050495494571,0.01827102273443921,0.1130253849313077,0.7116727435588837,0.9504999999999999,18000,900
21,0.1721533322179069,0.03089895656539334,0.018979797821698917,0.018880801766903862,0.11819456311770611,0.6717915099859237,0.9480249999999999,18900,900
22,0.166435414748137,0.02927007240967618,0.019303030191092856,0.018870686637237667,0.11746746276401811,0.6779234115282694,0.9455499999999999,19800,900
23,0.18554793987811233,0.02969776298229893,0.01650505042479684,0.019129988421789475,0.12072259444329474,0.6580944327513377,0.9430749999999999,20700,900
24,0.1608469589653315,0.02947508845685257,0.020808080647968585,0.01876456917470528,0.11511306671632661,0.684467329647806,0.9405999999999999,21600,900
25,0.13360747974993298,0.029620746655596625,0.028010100854767694,0.018294161880233636,0.11193552347727947,0.7081527396043141,0.9381249999999999,22500,900
26,0.1869513351727639,0.029594584181904793,0.017843434220283394,0.019063366265553567,0.11798931296500895,0.6581525567505094,0.9356499999999999,23400,900
27,0.13217803330302963,0.029679091146422757,0.027727272648674747,0.01827324421610683,0.1098452171186606,0.7119762383566962,0.9331749999999999,24300,900
28,0.1461030955853251,0.029819656194498143,0.024646464579531718,0.018531665636433495,0.11264563450072375,0.6980731460120942,0.9306999999999999,25200,900
29,0.19318413517179175,0.02973649406598674,0.016358585770034954,0.019241724661034014,0.11884393434971571,0.6523716260989507,0.9282249999999999,26100,900
30,0.169108888549769,0.02970153355350097,0.018409090802694362,0.01890314074026214,0.1154360048390097,0.6781428798039755,0.9257499999999999,27000,900
31,0.16719341595322476,0.029047335237264632,0.019151515051101645,0.018836015257466997,0.1146076250469519,0.6802114339669546,0.9232749999999998,27900,900
32,0.16387862465569117,0.028399685739229123,0.021878787726163865,0.018695838335487578,0.11264798905079564,0.6828987648089727,0.9207999999999998,28800,900
33,0.1582002790412096,0.028187834328661364,0.02413636351780345,0.018579324222066335,0.11124003443660008,0.6878440037038591,0.9183249999999998,29700,900
34,0.1844112471288665,0.028347958527091478,0.016989898888601196,0.019030347025642793,0.1150218306005829,0.664546681245168,0.9158499999999998,30600,900
35,0.1703622381547757,0.028365627196100023,0.021085858520430822,0.018798887435760765,0.11284010317693982,0.676912918223275,0.9133749999999998,31500,900
36,0.16876873950331678,0.0282278585454656,0.02083838368507309,0.018814802552159463,0.11262205361699064,0.6789560249116686,0.9108999999999998,32400,900
37,0.19160060397867104,0.02820775582144658,0.016318181708662047,0.019094594469707873,0.11435674159684114,0.6586298842562569,0.9084249999999998,33300,900
38,0.17544937414162431,0.028331992524779505,0.02094444433020221,0.018854080957567527,0.11241497900957863,0.6723371277252833,0.9059499999999998,34200,900
39,0.1652179411408603,0.02818950276614891,0.023868686876052782,0.018672915595169697,0.11025643222654859,0.6819840296109517,0.9034749999999998,35100,900
40,0.2172271099457915,0.028396851439028977,0.014303030219032533,0.019387587802484632,0.11661984849721194,0.6324624286095302,0.9009999999999998,36000,900
41,0.18091605226470467,0.029086873293336896,0.019686868557085593,0.01888242496125814,0.11076938754361537,0.6697452723317676,0.8985249999999998,36900,900
42,0.19294467034309895,0.028197031617164612,0.016373737325581412,0.01914416219625208,0.11325507846971353,0.6582823571893904,0.8960499999999998,37800,900
43,0.191957280675803,0.027818732478966317,0.015803030191713738,0.019128955144228205,0.11339272575245964,0.6597180138693916,0.8935749999999998,38700,900
44,0.23708966480474272,0.027705737515870067,0.01174747466057953,0.019629809176549315,0.11729352865782049,0.6142395271857579,0.8910999999999998,39600,900
45,0.20186348912610103,0.027622975969894065,0.015232323143217298,0.019205646197725502,0.11347611657861206,0.6502224299642775,0.8886249999999998,40500,900
46,0.17853178752741466,0.027551188218510814,0.021388888793687024,0.018839354913474785,0.10832569949121938,0.6729142738050885,0.8861499999999998,41400,900
47,0.19660034357479567,0.027698084639592304,0.018858585781935187,0.019028584853125117,0.11115124997165468,0.6543612413273917,0.8836749999999998,42300,900
48,0.20450531770271482,0.02759541689728697,0.01692929281335738,0.019164813286107446,0.1114706340018246,0.64792994664775,0.8811999999999998,43200,900
49,0.18447123931232556,0.02768209177172846,0.020515151428472666,0.01885583222222825,0.10971600282109446,0.6664417788717482,0.8787249999999998,44100,900
50,0.2120589659978739,0.02786417382872767,0.015580807992567619,0.019263959909116644,0.11204665271875759,0.6410496187210083,0.8762499999999998,45000,900
51,0.23307020926789845,0.02854218848463562,0.012368686785921455,0.019475055872980093,0.1128232709152831,0.6222627827856275,0.8737749999999997,45900,900
52,0.23023067701388047,0.027841163699825606,0.012505050427797768,0.019451736216950746,0.11270839927718043,0.6251041430234909,0.8712999999999997,46800,900
53,0.2162232674665736,0.027828820932449566,0.015111111032569574,0.019295854974124168,0.11271418272724582,0.6366555890109804,0.8688249999999997,47700,900
54,0.22332910969338937,0.0276077567309969,0.012974747391935024,0.01945377797819674,0.11298069287919336,0.6312616769472758,0.8663499999999997,48600,900
55,0.22169127937548586,0.027998312395066022,0.015469696906188296,0.019316429898349776,0.11121777038814293,0.6323048292265998,0.8638749999999997,49500,900
56,0.24227357333002147,0.027931904767950377,0.011929292836640444,0.019554090835154057,0.11242063547174136,0.6138224142127567,0.8613999999999997,50400,900
57,0.2640155759744731,0.02784728350324763,0.01021717163682398,0.019831219810164637,0.11464074625530177,0.5912952925761541,0.8589249999999997,51300,900
58,0.260955376706002,0.0276636517379019,0.010595959501030544,0.01983229054241545,0.11436933118022151,0.5942470475037893,0.8564499999999997,52200,900
59,0.26340417423233803,0.027858173824432824,0.010914141344320442,0.019806123283795184,0.11453919816762209,0.5913363687197367,0.8539749999999997,53100,900
60,0.2391124409116229,0.02760790415108204,0.01168686856257005,0.019527929757411282,0.11074627093349894,0.6189264957110087,0.8514999999999997,54000,900
61,0.24838767201119077,0.02814304780215025,0.011095959527624977,0.019580812592887215,0.11061935719930463,0.6103162033690347,0.8490249999999997,54900,900
62,0.25677823568720165,0.027696969413922894,0.010757575667877163,0.01974169553981887,0.1121792844724324,0.6005432139502631,0.8465499999999997,55800,900
63,0.24191803889830352,0.027459052480343315,0.01186363627254549,0.01955328850903445,0.10947871784783073,0.6171863234043121,0.8440749999999997,56700,900
64,0.2539070092923066,0.02741973031312227,0.010525252436184221,0.019676678019265335,0.11095297222543093,0.604938093887435,0.8415999999999997,57600,900
65,0.2781553155086456,0.027388104531500073,0.009378787774799599,0.019946412832165757,0.11265369164860911,0.5798657981554667,0.8391249999999997,58500,900
66,0.2341860849970423,0.02744322354801827,0.013904040263344844,0.019468951741647388,0.10858048196468088,0.6238604468769497,0.8366499999999997,59400,900
67,0.2236172567075765,0.027443404139743912,0.017106060525402426,0.01926717180189573,0.10661662743323379,0.6333928889036179,0.8341749999999997,60300,900
68,0.28794300960105224,0.027267008951554695,0.00871212113286472,0.020077345697209238,0.1134957085053126,0.5697718210352791,0.8316999999999997,61200,900
69,0.28553606254451247,0.02732353743786613,0.009353535255520708,0.020026861594782935,0.11286927436581916,0.5722142720884748,0.8292249999999997,62100,900
70,0.25252325829758776,0.027008827053424386,0.011722222155270478,0.01962854745746073,0.10850863985924257,0.6076173380348417,0.8267499999999997,63000,900
71,0.282931577437816,0.028274441346940068,0.010030302913962967,0.019896011936167877,0.10982999622821808,0.5773121178150177,0.8242749999999996,63900,900
72,0.27612156999336246,0.02793288517743349,0.009681818115317988,0.019921217320693865,0.1108659370864431,0.5834094631671906,0.8217999999999996,64800,900
73,0.27460482867816205,0.027768236978186502,0.009429292850610282,0.019933713808034857,0.11104841440088219,0.5849837540917926,0.8193249999999996,65700,900
74,0.26103581534435055,0.027458461945255596,0.010560605988527337,0.019757461360552245,0.10908300701735749,0.599563116033872,0.8168499999999996,66600,900
75,0.2702231391897011,0.027317566422538624,0.009823232234662607,0.019833371600964003,0.10859624920205938,0.5915240144729614,0.8143749999999996,67500,900
76,0.24460114606921302,0.027039354708459643,0.015479797905621429,0.019426613580435514,0.10497355044922894,0.6155188983016544,0.8118999999999996,68400,900
77,0.2647123470442602,0.02745771051487989,0.012666666564635104,0.01967866813660496,0.10795773680218392,0.5949845872984992,0.8094249999999996,69300,900
78,0.2597553356001218,0.027187582877361113,0.013601010027341544,0.019591407175175844,0.10630359093969068,0.6007486613591512,0.8069499999999996,70200,900
79,0.2603596243593428,0.027616754329452913,0.013570706974197592,0.019580615892385442,0.10499335285690095,0.6014957063065635,0.8044749999999996,71100,900
80,0.2690118816819611,0.027456121494372685,0.010191919090122813,0.019809274782116214,0.10624106474013792,0.594745865199301,0.8019999999999996,72000,900
81,0.29589699282506543,0.029592688561727604,0.009035353422578838,0.01996802053414285,0.10718115504831076,0.5679184835486942,0.7995249999999996,72900,900
82,0.2685444312553025,0.028899834582375154,0.01359090904601746,0.019627095739253694,0.1044222000065363,0.5938153700696097,0.7970499999999996,73800,900
83,0.27792155351256953,0.028671415183279248,0.011095959474332631,0.01980864936278926,0.10476045034825802,0.5864133936166763,0.7945749999999996,74700,900
84,0.29511599484174644,0.02882354402500722,0.008651515066934129,0.020051925022982888,0.107658767733309,0.568521803021431,0.7920999999999996,75600,900
85,0.27893612136469326,0.02863363404861755,0.01119696960422314,0.01982769075367186,0.10540885507336094,0.5846303692128924,0.7896249999999996,76500,900
86,0.27284348964704097,0.028889767631060548,0.01254545451141894,0.019723096313472424,0.10420779815357592,0.5906801677412457,0.7871499999999996,77400,900
87,0.2759114248351923,0.02924979488261872,0.013040403956029978,0.019749091271724965,0.10413835654656092,0.5871607300308016,0.7846749999999996,78300,900
88,0.3234057693665656,0.02903061268126799,0.00736868679161287,0.020290688913729454,0.10801527219100131,0.5409195881419712,0.7821999999999996,79200,900
89,0.3057048344490532,0.029152642565055027,0.007964646379049454,0.02011317441239953,0.10600502170622349,0.5602123302883572,0.7797249999999996,80100,900
90,0.2776133547905839,0.027942380683703555,0.01279292919103884,0.019746892953084575,0.10313404824584722,0.586712781853146,0.7772499999999996,81000,900
91,0.30704818532834505,0.03038665151430501,0.008202020161164303,0.02003487416336106,0.10526245972348584,0.5594524663686752,0.7747749999999995,81900,900
92,0.2925281187454109,0.02972958053979609,0.011318181759884787,0.019849222022005255,0.10227563249361184,0.574028851058748,0.7722999999999995,82800,900
93,0.3038184375718831,0.0295682791641189,0.008050504957015316,0.020100920477675067,0.10483751943541898,0.5631926243172751,0.7698249999999995,83700,900
94,0.3085055017379798,0.02942875382800897,0.008045454477994806,0.020117979916847415,0.10447765735288461,0.5588534122043186,0.7673499999999995,84600,900
95,0.2924102675536738,0.029036066143049134,0.011292929217840234,0.019873006189655925,0.10303939917435248,0.5733844045797983,0.7648749999999995,85500,900
96,0.3275624082334495,0.029711922949386967,0.0067929292051121595,0.020332211745488975,0.10558973916081918,0.5397227178679572,0.7623999999999995,86400,900
97,0.29069310101471074,0.029409873625263573,0.012207070638736089,0.019809046040496065,0.10214168099479543,0.5751491063833236,0.7599249999999995,87300,900
98,0.3110468700425958,0.02919229228877359,0.007595959529280663,0.02014995373888976,0.10394849634211924,0.5572587278154161,0.7574499999999995,88200,900
99,0.3130186301123144,0.029520717054191563,0.008303030240866873,0.02012618395810326,0.10276040518656374,0.5557917578352822,0.7549749999999995,89100,900
100,0.33460174581064267,0.028571625738922093,0.0062070706450483865,0.020368903326905437,0.10544232504649295,0.5333799615171221,0.7524999999999995,90000,900
101,0.3229871018255492,0.029920921930008466,0.00722727263915456,0.020121816102829246,0.10140428161248564,0.5482595345046786,0.7500249999999995,90900,900
102,0.3482884164956502,0.029078775664998426,0.005792929215046267,0.0204873290968438,0.10490922652391924,0.5205221041705873,0.7475499999999995,91800,900
103,0.31831868979549555,0.02970112991415792,0.007696969646753537,0.020164643594374258,0.10191454192416535,0.5519051615397136,0.7450749999999995,92700,900
104,0.3145346903460773,0.028965415207462177,0.0094242423452023,0.020091931680217386,0.10101970849765672,0.5549294327365027,0.7425999999999995,93600,900
105,0.31238744719122125,0.028431847176204124,0.010030302959494293,0.020036007528089816,0.10096735496487882,0.5565788931979073,0.7401249999999995,94500,900
106,0.34454598799344643,0.029177836721969976,0.006060605999082327,0.020446497096369663,0.10408644200820062,0.5248604732089572,0.7376499999999995,95400,900
107,0.3500305963347071,0.029241236655248536,0.00633838376806428,0.02052847620203263,0.10424738859136899,0.5188551619317796,0.7351749999999995,96300,900
108,0.3172456524034755,0.02893874193748666,0.009707070666675767,0.02008911166909254,0.10011565455339021,0.5528425170977911,0.7326999999999995,97200,900
109,0.31015019389538795,0.028886580560356378,0.011075757472879358,0.019985381570748157,0.09834412011628349,0.5604445534282261,0.7302249999999995,98100,900
110,0.3305210536061269,0.028593031045877272,0.006494949417085284,0.020312505540334515,0.10093773960653278,0.5417337597741021,0.7277499999999995,99000,900
111,0.3394035919183322,0.029947062163717217,0.006676767614359657,0.020306255891919135,0.10122704556832711,0.5323863453997506,0.7252749999999994,99900,900
112,0.3584734856225866,0.030400560647249223,0.0056616160977217885,0.020582350779117808,0.10307391218427155,0.512208641966184,0.7227999999999994,100000,900
113,0.333422600866373,0.030077772183964648,0.007111111067028509,0.02031857835749785,0.09921155496189991,0.539936160908805,0.7203249999999994,100000,900
114,0.34985660327093987,0.02990272355162435,0.005797979717349841,0.020484733029993044,0.10052587296606766,0.5233348178201251,0.7178499999999994,100000,900
115,0.34683689729892647,0.02901283954580625,0.0059797979415290884,0.020463172984826895,0.10121816807529993,0.5255019693904452,0.7153749999999994,100000,900
116,0.3225698484434785,0.02982322278122107,0.010060606008499033,0.020091262533743347,0.09756038432423439,0.5497179057863023,0.7128999999999994,100000,900
117,0.3639607091188534,0.02881058542471793,0.005101010032101638,0.020609675293995273,0.10122491898636023,0.5091036927037769,0.7104249999999994,100000,900
118,0.37116586597959716,0.028325666775926947,0.0049141413754680095,0.02069282338023186,0.10115113697946071,0.5020760405063629,0.7079499999999994,100000,900
119,0.3713256383564375,0.02808878526919418,0.0053989898439289795,0.020678729944758945,0.1011162068342997,0.5014804418219461,0.7054749999999994,100000,900
120,0.3552316080626204,0.028765351490841973,0.005565656511526969,0.02050618913438585,0.09920618777473768,0.5194903647899628,0.7029999999999994,100000,900
121,0.34521012682516206,0.02984970378999909,0.007287878710259166,0.02028786371824228,0.09781316679178012,0.5294009701410929,0.7005249999999994,100000,900
122,0.3711130749573284,0.02904040374689632,0.005494949435815215,0.02066515191665126,0.10062868856307533,0.5020981426371468,0.6980499999999994,100000,900
123,0.34386494769787534,0.03028757532334162,0.00808080796411054,0.02030001209427913,0.09685128922470741,0.5309029491080178,0.6955749999999994,100000,900
124,0.38079098855598004,0.03008509541240831,0.004853535287289156,0.020744463068743547,0.1002084825684627,0.4934025388293796,0.6930999999999994,100000,900
125,0.35933170205525433,0.028980160440421766,0.0059646463989176685,0.020507071825365226,0.0982673901029759,0.5159291953510708,0.6906249999999994,100000,900
126,0.36526084368453465,0.02904801665391359,0.00548484841051201,0.020605657152417634,0.0984798170812428,0.5101688406202528,0.6881499999999994,100000,900
127,0.34130344672801183,0.028855129782524375,0.00906060599256307,0.02026689394635873,0.0956482778210193,0.5337207815382216,0.6856749999999994,100000,900
128,0.3675168031561771,0.028461433210306697,0.005404040351923969,0.02063613808299932,0.0982268483336601,0.5082161774237951,0.6831999999999994,100000,900
129,0.3707083751258809,0.02920667071826756,0.005232323158739342,0.02062054847056667,0.09772515525213546,0.5057136061456469,0.6807249999999994,100000,900
130,0.35210863284967164,0.027725000017219118,0.00782828275217778,0.02037539898728331,0.09568614909839299,0.5240015433231989,0.6782499999999994,100000,900
131,0.3942654586322088,0.027788181251121893,0.004646464584188329,0.02076224306701786,0.09701885633584525,0.4833069847027461,0.6757749999999993,100000,900
132,0.3447426223710257,0.02993391607163681,0.009065656481414205,0.020238536740653217,0.09357471401285794,0.5323784783151415,0.6732999999999993,100000,900
133,0.373935043547406,0.02984156758420997,0.0049848484289315015,0.02063522153533995,0.09680010497570038,0.5036447881327735,0.6708249999999993,100000,900
134,0.3460772832748221,0.028446336610035764,0.008797979689617125,0.020266281159387695,0.09351390108155708,0.5313445611794789,0.6683499999999993,100000,900
135,0.3683879235923652,0.029143684413284063,0.006191919107610981,0.020516851831537983,0.09361159027657576,0.5112917219267951,0.6658749999999993,100000,900
136,0.3985239236298205,0.02745058689473404,0.0045252524807842245,0.020872887088399794,0.09712182047466437,0.47895612451765274,0.6633999999999993,100000,900
137,0.3618283592339786,0.02751042103084425,0.007621212059424983,0.02046178502961993,0.09364585433155298,0.5164427959918976,0.6609249999999993,100000,900
138,0.40191274240218466,0.02745021112056242,0.003939393892780774,0.02091575144686633,0.09704529265976615,0.4761868251694573,0.6584499999999993,100000,900
139,0.3916701837717038,0.02760598319582641,0.004267676709116333,0.02081960907930301,0.09608103888730209,0.4871614970763524,0.6559749999999993,100000,900
140,0.38872939777683413,0.027883428951932323,0.004717171666626301,0.020774604859244494,0.09606589464470744,0.4897129378716151,0.6534999999999993,100000,900
141,0.39216656561837426,0.030247997735730475,0.0045303029851574035,0.020722829425293538,0.09362924180510972,0.48895106805695426,0.6510249999999993,100000,900
142,0.4085403676289651,0.028508733246061537,0.003893939351869954,0.020971118331783348,0.09541816629883315,0.47117641508579255,0.6485499999999993,100000,900
143,0.3910766975651495,0.030628632629911105,0.004434343380336133,0.020779720060527324,0.09409179263644749,0.4896174527539147,0.6460749999999993,100000,900
144,0.35988407295624103,0.02920085512412091,0.008040403921881484,0.02041066811730464,0.09166679767891765,0.5199980641735925,0.6435999999999993,100000,900
145,0.41689650143833,0.0289248792692605,0.0035656565127687324,0.021012313915416598,0.09470967525823248,0.4638158596886529,0.6411249999999993,100000,900
146,0.38946591670806,0.02827736212975449,0.004631313079864615,0.02075554261604945,0.09265297321395742,0.49249426159593795,0.6386499999999993,100000,900
147,0.41448490093695,0.028435928385911715,0.003797979747566084,0.02102514590861069,0.09536369543729557,0.46532828423711986,0.6361749999999993,100000,900
148,0.41482605137862266,0.028068847414106132,0.0037020201365359955,0.020982166931240095,0.09346653851783938,0.4670232305261824,0.6336999999999993,100000,900
149,0.40066018292874406,0.028075291526814303,0.00440909085329622,0.0208552473762797,0.09275275447716315,0.481322732369105,0.6312249999999993,100000,900
150,0.3931610294249064,0.029786752893899877,0.0051818181098335315,0.02074640029937857,0.09191917945423887,0.4889915804068247,0.6287499999999993,100000,900
151,0.4220083847510008,0.028038774992649753,0.0037525251937202283,0.020955765021757947,0.09195406403806475,0.4613292655679915,0.6262749999999992,100000,900
152,0.4036601337759445,0.028082731891837385,0.004297979739494622,0.020838500494137407,0.09136265112294091,0.4798407425483068,0.6237999999999992,100000,900
153,0.3792400219784273,0.028068138976684875,0.0072878787169853845,0.020532012670818302,0.0884426249191165,0.5044974691338009,0.6213249999999992,100000,900
154,0.3993043133784603,0.02730029247287247,0.005196969657618966,0.02076234820402331,0.09022855075800584,0.4845078247785568,0.6188499999999992,100000,900
155,0.40878161381567935,0.025868666017841963,0.004191919135757618,0.020887150498520995,0.09107287136009998,0.4750664523575041,0.6163749999999992,100000,900
156,0.41528332706320925,0.026378572025439806,0.004005050447562502,0.020961409099400044,0.09035237239466773,0.4693978491094377,0.6138999999999992,100000,900
157,0.4236396771752172,0.027726706564426423,0.0036919191422768766,0.021053531154369313,0.09188469161796901,0.4597301881843143,0.6114249999999992,100000,900
158,0.4233167309531321,0.02758088851554526,0.0035252524850269158,0.021039328381626143,0.09032827283359236,0.46179042425420547,0.6089499999999992,100000,900
159,0.41621606030203917,0.026206833503933418,0.0037979797398050626,0.020960146198049187,0.09041867339983582,0.4686071477333705,0.6064749999999992,100000,900
160,0.4260788480974386,0.026899290182110337,0.0035353534968776837,0.021051770929868024,0.09051129871772395,0.45882273574670157,0.6039999999999992,100000,900
161,0.40997708480863365,0.026854801344581777,0.004424242363311351,0.020785796829602785,0.08727446750634246,0.47753841545846726,0.6015249999999992,100000,900
162,0.3869872889419397,0.026775372562309108,0.007025252455948956,0.0206151656092455,0.0879187121697598,0.4974535879161623,0.5990499999999992,100000,900
163,0.40507095565217444,0.026885298046593866,0.0058434343100008035,0.02078251403445999,0.0879462572808067,0.4803568454583486,0.5965749999999992,100000,900
164,0.4106699456295205,0.027890361305326225,0.004691919156660636,0.020870323006788063,0.08886170310071773,0.4749061166577869,0.5940999999999992,100000,900
165,0.39611154224102696,0.027674135630950333,0.006489898931338555,0.02069839112046692,0.0870108934171084,0.4896892816490597,0.5916249999999992,100000,900
166,0.40313460863014267,0.02675427962301506,0.005737373664871686,0.02077121836029821,0.08626005662398206,0.48409674876266057,0.5891499999999992,100000,900
167,0.42622544502095683,0.026580035877931448,0.0035252524653656614,0.021031732238415216,0.08854306751655208,0.46067451046572794,0.5866749999999992,100000,900
168,0.4069145380926784,0.027796368852464687,0.005737373700572384,0.020832138821068737,0.0865174546993027,0.47999850074450173,0.5841999999999992,100000,900
169,0.44728852853385936,0.027154780028180944,0.0030808080463773676,0.02123806265182793,0.08941659525243772,0.43897601187229157,0.5817249999999992,100000,900
170,0.41184232122594644,0.026794619336724283,0.005777777722622785,0.020820425493228767,0.08521986833049192,0.47633961419264476,0.5792499999999992,100000,900
171,0.4404807875729683,0.028180917655635213,0.003454545407762958,0.021084479342939125,0.08696689398752319,0.44801329970359804,0.5767749999999991,100000,900
172,0.4389950083874929,0.028529539981649983,0.003444444396946993,0.021127405705758266,0.08668264175454775,0.449750507540173,0.5742999999999991,100000,900
173,0.420511797864197,0.028072780289997656,0.005272727193207377,0.020890396998470857,0.08533162809390989,0.46799345645639634,0.5718249999999991,100000,900
174,0.4376033714672344,0.02658502272123264,0.0033333332862498033,0.021111974499912724,0.08596738337228696,0.4519839437140359,0.5693499999999991,100000,900
175,0.4378269947111969,0.02908299339003861,0.00328787874068237,0.021128739992984466,0.08599068408624994,0.45176570859220294,0.5668749999999991,100000,900
176,0.4577434874234152,0.025789174682771168,0.002813131264410913,0.021323609868478442,0.08749197938169043,0.4306277981069353,0.5643999999999991,100000,900
177,0.4508558426184916,0.02670217784949475,0.0029393938980582686,0.021260557466497024,0.08659912996408012,0.438345084256596,0.5619249999999991,100000,900
178,0.41590499052053526,0.027974405097257758,0.0056212120798105995,0.0208292216864518,0.08218483849945996,0.47545974281099107,0.5594499999999991,100000,900
179,0.45002543424204405,0.02645798473722405,0.0030505050118598675,0.021221827143389316,0.08498745596450236,0.4407147849930657,0.5569749999999991,100000,900
180,0.42487062961147687,0.0269190026105692,0.005141414088300533,0.020938678735142782,0.08343692684753073,0.46561235831843484,0.5544999999999991,100000,900
181,0.4568800021078722,0.029628985931889878,0.0030606060206062264,0.021218624592034354,0.08454308656975627,0.43429768674903446,0.5520249999999991,100000,900
182,0.4329414406017814,0.027319135010863343,0.004863636340014636,0.02101044207966576,0.08317524826774994,0.45800924056106146,0.5495499999999991,100000,900
183,0.446677242196165,0.02642492603407138,0.0030808080396511487,0.021185943955141638,0.08369632623675796,0.44535968542098997,0.5470749999999991,100000,900
184,0.42509735237315505,0.024743204896027843,0.005510100943243338,0.020922490056190225,0.08146198368838264,0.46700807929039,0.5445999999999991,100000,900
185,0.44970046943312303,0.027443023682054545,0.003232323187403381,0.021196606979808873,0.08249658606325587,0.44337402138445114,0.5421249999999991,100000,900
186,0.42598350615033675,0.026635532200129496,0.0055050504771578645,0.020923474218903317,0.08123837564140558,0.4663496010833316,0.5396499999999991,100000,900
187,0.4379117008565097,0.02551185125692023,0.004671717123128474,0.02104239715832389,0.08100605162688428,0.45536814053853353,0.5371749999999991,100000,900
188,0.432043266617693,0.02623801171262231,0.004969696914259758,0.0210155712828661,0.08118976559386486,0.4607817065053516,0.5346999999999991,100000,900
189,0.45462122498241825,0.025774063505232335,0.0028232322835053006,0.021247937293309305,0.08188972517848014,0.43941788925064934,0.5322249999999991,100000,900
190,0.4410088102642395,0.024606179332153665,0.0046717171427897285,0.02106863979819334,0.08069109547572831,0.452559742530187,0.529749999999999,100000,900
191,0.4413069912022911,0.028692788518965243,0.00467676762284504,0.021014485767939024,0.0798341511003673,0.4531676119565964,0.527274999999999,100000,900
192,0.4675964040702416,0.028682564384200505,0.002732323204788069,0.021329695768654348,0.08177775835618377,0.4265638257397546,0.524799999999999,100000,900
193,0.4715585240411262,0.02683274477823741,0.0027070706715393396,0.021418330047486556,0.08207407573238015,0.42224200785160065,0.522324999999999,100000,900
194,0.4735354057476959,0.027263608375150298,0.002383838333706889,0.02136774802994397,0.08075303787572516,0.42195997681882647,0.519849999999999,100000,900
195,0.47283745214718187,0.027488121272375186,0.002540404000836942,0.021384199341345164,0.08051799955881304,0.4227199513382382,0.517374999999999,100000,900
196,0.4728561685850663,0.025985517215190664,0.002535353494394157,0.021428972876941163,0.08177216031899055,0.42140735261970097,0.514899999999999,100000,900
197,0.45010810000485635,0.025772512048068973,0.004328282802469201,0.02114376253965828,0.07932416967219777,0.4450956916146808,0.512424999999999,100000,900
198,0.4459980346316782,0.029492663287868103,0.004560606022261911,0.021084957865791187,0.07786698836108877,0.4504894195000331,0.509949999999999,100000,900
199,0.46353045024702116,0.02624739363893039,0.002964646409576138,0.021281535240511098,0.07891785119763679,0.43330552452140386,0.507474999999999,100000,900
200,0.47244422178405027,0.02573028399091628,0.002550505006996294,0.021373760206624865,0.07893838827601737,0.42469313118192886,0.504999999999999,100000,900
201,0.48288856034697447,0.029175627472706966,0.0023131312797259954,0.021426932169124484,0.07926534363793002,0.4141060409280989,0.502524999999999,100000,900
202,0.4864116726360064,0.029451516720776758,0.002378787839681738,0.021506052934047247,0.07889705580969651,0.4108064368698332,0.500049999999999,100000,900
203,0.48495519563659195,0.02794899893200232,0.0022575757259296046,0.021512933189256324,0.07921223550621007,0.4120620682504442,0.497574999999999,100000,900
204,0.4870489311652879,0.02887456936140855,0.0022676767300193507,0.021525920251798298,0.07890693329688575,0.4102505471309026,0.495099999999999,100000,900
205,0.47674366333314944,0.03012512421856324,0.0025202019854138297,0.021402757187477417,0.07758493353095319,0.42174845125940114,0.492624999999999,100000,900
206,0.4705572945298627,0.029238354246028594,0.0025959595530811283,0.021341469898406,0.07702039879229333,0.4284848853614595,0.490149999999999,100000,900
207,0.4533786513587822,0.02774482163393663,0.004631313107804292,0.021124486836294334,0.07522639345274203,0.44563916385173796,0.48767499999999897,100000,900
208,0.484464193475174,0.025870812920232612,0.0023232322838157415,0.02147685120606588,0.07694362373815643,0.41479210595289867,0.48519999999999897,100000,900
209,0.48493524317370934,0.026352661277891862,0.0022878787526860833,0.021479589852193993,0.0764694398186273,0.4148278576797909,0.48272499999999896,100000,900
210,0.49189792056154047,0.02704857685499721,0.002262626227715777,0.02153735544118616,0.07612528041832976,0.4081768243180381,0.48024999999999896,100000,900
211,0.4847119392702977,0.027667777308573324,0.0024090908700600266,0.021366356905135844,0.07374532458475895,0.41776729464530943,0.47777499999999895,100000,900
212,0.48155042381142266,0.026666128014524778,0.002676767641161051,0.0213877593467219,0.07393171371064253,0.42045334491464825,0.47529999999999895,100000,900
213,0.4799381360601789,0.029509054508267178,0.003045454510073695,0.021364008486270906,0.07448454516629378,0.42116786373986137,0.47282499999999894,100000,900
214,0.4990828600872515,0.026854055617004633,0.0021313130938344534,0.021558899389993814,0.07365270953728921,0.40357422603501214,0.47034999999999894,100000,900
215,0.46310914287886895,0.027139906517954338,0.004373737327857978,0.021149883216453922,0.0714925911794934,0.4398746528228124,0.46787499999999893,100000,900
216,0.4964191802125424,0.02794683545931346,0.002252525208103988,0.021545859020617272,0.07389479001156157,0.40588765217198264,0.4653999999999989,100000,900
217,0.49542550132480556,0.02571020304225385,0.0023383838057311045,0.021515186982643274,0.07279464069960846,0.40792629301548006,0.4629249999999989,100000,900
218,0.5091368174640876,0.027355492120194766,0.0019141413840568727,0.021639876406018933,0.07354783393856552,0.3937613385253482,0.4604499999999989,100000,900
219,0.49159720485396163,0.025419661325092116,0.002207070673401985,0.02144157067872584,0.07148276020048393,0.41327140165699855,0.4579749999999989,100000,900
220,0.49366300020729087,0.028639222792246274,0.002267676735193365,0.021459827883582975,0.0719231269425816,0.41068637543254427,0.4554999999999989,100000,900
221,0.46873296468622155,0.026372162488599617,0.004383838346434964,0.021104713359640703,0.06800108497858876,0.4377774050500658,0.4530249999999989,100000,900
222,0.5074515452401506,0.028719868728270134,0.001999999965644545,0.02159433161218961,0.07198815775207347,0.3969659717877706,0.4505499999999989,100000,900
223,0.4910394278147982,0.028675604918971656,0.0026060605644144946,0.02143554687810441,0.07025459541835719,0.4146643770403332,0.4480749999999989,100000,900
224,0.5028302723869759,0.0245630857317398,0.0021262625915308793,0.0215324932968037,0.07017960866292318,0.4033313705523809,0.4455999999999989,100000,900
225,0.483575067665014,0.025602172194048763,0.0038585858253969087,0.021311522155689697,0.07005765494683551,0.4211971757147047,0.4431249999999989,100000,900
226,0.5015008538050784,0.027453783166905246,0.0021313130979736645,0.021502729705017473,0.06934561647888687,0.4055194935533735,0.4406499999999989,100000,900
227,0.5117371018326634,0.027495733834803103,0.0019696969326792493,0.021610258455491728,0.06971294630732801,0.39497000164455837,0.43817499999999887,100000,900
228,0.5072987967476041,0.024684508856799868,0.002171717128302488,0.021530507112749748,0.06764026029656331,0.4013587250974443,0.43569999999999887,100000,900
229,0.5013029835364755,0.02435364309284422,0.002181818142740263,0.021491593106960256,0.06896973917467726,0.40605387257205117,0.43322499999999886,100000,900
230,0.49616227526101286,0.025371415781685048,0.002681818136221005,0.021430187011137605,0.06794107071537939,0.41178465584913887,0.43074999999999886,100000,900
231,0.5191533749209096,0.029684013521505726,0.001999999966679348,0.02160180381913152,0.06806929870198171,0.38917552888393403,0.42827499999999885,100000,900
232,0.500848215052651,0.02511927543932365,0.003459595921449363,0.021386014549061656,0.06612786780732373,0.4081783143679301,0.42579999999999885,100000,900
233,0.49105914197681055,0.026244128255380524,0.0038030302721179196,0.021314450883203082,0.06585187880529297,0.41797150413195294,0.42332499999999884,100000,900
234,0.4874247599633721,0.027168679074901673,0.0036919191422768766,0.02126495881471783,0.06540423553023074,0.4222141342692905,0.42084999999999884,100000,900
235,0.5137680664472282,0.0268339363940888,0.001979797943495214,0.021572820121008487,0.06618417899020844,0.3964951425790787,0.41837499999999883,100000,900
236,0.5148931372970239,0.027111155236553816,0.001979797942460411,0.021577714847193823,0.06633944370473424,0.39520991318755677,0.4158999999999988,100000,900
237,0.5275907691883751,0.03145590988298257,0.0017575757288270527,0.021715070928136508,0.06681003802559442,0.382126553522216,0.4134249999999988,100000,900
238,0.5282666567237013,0.02445421358053055,0.0017525252203146617,0.02172082931941582,0.06612606208564506,0.38213393330574036,0.4109499999999988,100000,900
239,0.5168675099999787,0.026772631568213304,0.0017575757262400455,0.02157684274845653,0.06539003147847122,0.39440804806020524,0.4084749999999988,100000,900
240,0.5108242962964707,0.027752211583364342,0.002111111077376538,0.021523774665676884,0.06430345969688561,0.40123736639817553,0.4059999999999988,100000,900
241,0.5056318836767847,0.02609881553902394,0.0030959595636361175,0.02132943064802223,0.06242040606319076,0.40752232789993287,0.4035249999999988,100000,900
242,0.5238691225280733,0.026739074679919414,0.0019191918884300524,0.02162392039058937,0.06380465844439136,0.38878311435381574,0.4010499999999988,100000,900
243,0.5308577687753778,0.025002873934184513,0.0018636363294596474,0.02167359501433869,0.06383859708905221,0.3817664110660553,0.3985749999999988,100000,900
244,0.530641518065499,0.02598429935777353,0.0017070706721602216,0.021672059112331932,0.06346667990916305,0.38251267857021753,0.3960999999999988,100000,900
245,0.5002049093543448,0.02606547211400337,0.0036363636034851274,0.0213234376317511,0.061457777693867684,0.4133775179253684,0.3936249999999988,100000,900
246,0.5160289546961172,0.027407621797174216,0.0027373737101960512,0.02149802423703174,0.062222523665469556,0.3975131310356988,0.3911499999999988,100000,900
247,0.5038030121515557,0.02494954319153395,0.0033181817958959276,0.02133416950288746,0.060911423783335424,0.41063322014278836,0.38867499999999877,100000,900
248,0.5342689656807731,0.028278330256127648,0.0017272726968965597,0.021698032173638544,0.06220622019531826,0.380099515914917,0.38619999999999877,100000,900
249,0.540483660036698,0.026416107720384996,0.0016212120869507393,0.021745056379586458,0.06216870295504729,0.3739813752306832,0.38372499999999876,100000,900
250,0.5384622581882609,0.024500287376447685,0.0016262625944283274,0.021708160085189672,0.06109175473037693,0.3771115724907981,0.38124999999999876,100000,900
251,0.5358328960390969,0.0303197173619022,0.0018333333021857672,0.02163412047136161,0.0599285021610558,0.38077115608586204,0.37877499999999875,100000,900
252,0.5294219110471506,0.0244366445319934,0.0016868686634633277,0.02159494120420681,0.060282514016661376,0.387013771865103,0.37629999999999875,100000,900
253,0.5293772938992414,0.026355160446837545,0.00194444440305233,0.02158390655906664,0.06003780455225044,0.38705655846330855,0.37382499999999874,100000,900
254,0.5466943907986085,0.02349079234732522,0.0015101009778057536,0.02177034430102342,0.060304669961333275,0.36972050342294904,0.37134999999999874,100000,900
255,0.530342006752164,0.023634876012802123,0.0017777777473545738,0.021603721180516813,0.05957075318114625,0.38670574731296964,0.36887499999999873,100000,900
256,0.5449113930596245,0.024050200323884687,0.0015909090586420562,0.02175132084223959,0.059993734784010384,0.3717526498105791,0.3663999999999987,100000,900
257,0.5361554184840578,0.027019615318212245,0.0018181817844096157,0.02165982076173855,0.05935417104098532,0.3810124157534705,0.3639249999999987,100000,900
258,0.5156347493093927,0.021420456820891963,0.0032979797644333707,0.0214155253323002,0.05786156848693887,0.4017901862329907,0.3614499999999987,100000,900
259,0.540363998462239,0.02658612670376897,0.0017626262275088165,0.021674664405484993,0.058569928138620324,0.377628790669971,0.3589749999999987,100000,900
260,0.5489822545140568,0.02280663460493088,0.001601010058592591,0.021775749274012116,0.05859101844330629,0.3690499781237708,0.3564999999999987,100000,900
261,0.5186991816136287,0.027763682143348786,0.0033080807731797296,0.021355249660813973,0.056420483860290714,0.4002170117696126,0.3540249999999987,100000,900
262,0.5482811828728559,0.0275887310753266,0.0014343434085862504,0.021763605668933855,0.057838842587338554,0.37068203508853914,0.3515499999999987,100000,900
263,0.5451644058153033,0.025072561302739712,0.001646464615025454,0.021715287634481988,0.056940095093515185,0.3745337567064497,0.3490749999999987,100000,900
264,0.5512396503840056,0.029060149205227693,0.0016464646165776583,0.021762104450414578,0.056548950353430376,0.3688028409083684,0.3465999999999987,100000,900
265,0.5574705506633553,0.03128373990352783,0.0013585858336753315,0.021840694438045222,0.05743963719863031,0.36189053932825727,0.3441249999999987,100000,900
266,0.5247422751794673,0.02600065980106592,0.0032171716804926596,0.02145469104664193,0.055470658813913665,0.3951152099503411,0.3416499999999987,100000,900
267,0.5232736433559007,0.0237553105968982,0.003060606021123628,0.021462370907473896,0.05517606883102821,0.3970273174842199,0.33917499999999867,100000,900
268,0.5408933494956647,0.02909428793936968,0.002232323199407094,0.021619662968441845,0.055847430407173104,0.37940724227163525,0.33669999999999867,100000,900
269,0.5289230902296388,0.022936866192354095,0.002964646432859202,0.02149136126351853,0.05469584212948879,0.3919250679678387,0.33422499999999866,100000,900
270,0.565851935117195,0.027368399679867757,0.001303030281431145,0.021901398137625722,0.05589865935448971,0.3550449846188227,0.33174999999999866,100000,900
271,0.5343887646022873,0.032812104650462665,0.0030606060231932334,0.02146447417015831,0.05340500103413231,0.3876811624235577,0.32927499999999865,100000,900
272,0.5582991389412847,0.031417908903418314,0.001444444417850011,0.021781075689941646,0.05423702485238512,0.3642383247613907,0.32679999999999865,100000,900
273,0.5686525257283614,0.03034500767166416,0.0013383838130782049,0.021893460732988184,0.05384592337326871,0.35426971660719975,0.32432499999999864,100000,900
274,0.5498562904069614,0.02994280717542602,0.0017121211842944224,0.02168730555723111,0.053171155471354724,0.3735731374555164,0.32184999999999864,100000,900
275,0.5695292529039498,0.028717255032517843,0.0012979797744709584,0.02189625283703208,0.05350107059503595,0.35377545489205253,0.31937499999999863,100000,900
276,0.5629312703468733,0.027470136957450045,0.0014898989541042183,0.021809399407356978,0.052540915035125285,0.36122852424780527,0.3168999999999986,100000,900
277,0.5324495249013934,0.024049433807118072,0.0029595959274512198,0.02148428294704192,0.05175532191784846,0.3913512819343143,0.3144249999999986,100000,900
278,0.5392244070742487,0.028706721800069016,0.0027373737029524315,0.021542248707264663,0.05128979374965032,0.3852061836587058,0.3119499999999986,100000,900
279,0.5596266631285349,0.02849803543028732,0.0015808080488608942,0.021778725938250622,0.051763156153675584,0.36525065660476685,0.3094749999999986,100000,900
280,0.5717223524623033,0.024342075464212232,0.0014292929052478738,0.021893763484226333,0.05203692284412682,0.35291767570707533,0.3069999999999986,100000,900
281,0.5695920476462278,0.026752804588112567,0.0013737373447252645,0.02184894105316036,0.05109298367984593,0.3560923002825843,0.3045249999999986,100000,900
282,0.570554280400328,0.02862525064498186,0.001368686842939092,0.021888917369974985,0.05117661790094442,0.35501150727272035,0.3020499999999986,100000,900
283,0.5427116438749039,0.02507369956622521,0.0027575757251017624,0.021562616805442504,0.04968941412555675,0.3832787604464425,0.2995749999999986,100000,900
284,0.567946209610026,0.02843411325890985,0.0012929292649237645,0.021836172017372316,0.05033935922715399,0.358585339056121,0.2970999999999986,100000,900
285,0.5681390621306168,0.026793085704040195,0.0013888888640536203,0.021849019010033874,0.04982358565554023,0.35879945430490706,0.2946249999999986,100000,900
286,0.5480632496905875,0.024952577302853267,0.002808080779698988,0.02160079955537286,0.04878358116166459,0.37874429841836293,0.2921499999999986,100000,900
287,0.5532162334356043,0.02821450299790336,0.002651515123434365,0.021656794419719114,0.04949363166052434,0.37298183421293896,0.2896749999999986,100000,900
288,0.5754179974210759,0.025650213110364146,0.0014393939181334442,0.021907572511376604,0.04898529802242087,0.35224974579281276,0.28719999999999857,100000,900
289,0.5746475467996465,0.0276088866384493,0.001419191893397106,0.02190247734905117,0.048597379476866785,0.3534334103928672,0.28472499999999856,100000,900
290,0.5795755191972906,0.024460310539644627,0.0011666666452462475,0.02194283205084503,0.0479930025866876,0.3493219903442595,0.28224999999999856,100000,900
291,0.566380881783035,0.030239872107696204,0.0021464646338588663,0.021722261248570348,0.04683445152516166,0.3629159500201543,0.27977499999999855,100000,900
292,0.5852839397928781,0.026079849257237383,0.0011818181547439762,0.021973763480782508,0.047012430728516644,0.34454805552959444,0.27729999999999855,100000,900
293,0.5834000538823118,0.02792166409496632,0.001308080787356529,0.0219586874720537,0.04700287093925807,0.34633031484153537,0.27482499999999854,100000,900
294,0.588750920743785,0.025209863228309485,0.0012929292669933703,0.022017878860028255,0.04749005628542768,0.3404482232862049,0.27234999999999854,100000,900
295,0.5800102992604176,0.029954566686517664,0.0013030302747049265,0.02190442899449004,0.045913976323273445,0.350868273973465,0.26987499999999853,100000,900
296,0.5794111083784245,0.03202091200898091,0.0014898989603130354,0.021875525776089894,0.04510006218113833,0.3521234124236637,0.2673999999999985,100000,900
297,0.5850546115740306,0.025891041555959317,0.0012828282541077999,0.021946456529613998,0.04499033230770793,0.34672578136126203,0.2649249999999985,100000,900
298,0.5792846908350475,0.02363618262939983,0.0013181817950680852,0.021902187273113265,0.045243896476717456,0.3522510528564453,0.2624499999999985,100000,900
299,0.5892653366095489,0.02710176785166065,0.0011818181625049976,0.02198511923249397,0.044780613236750165,0.3427871225277583,0.2599749999999985,100000,900
300,0.5858255350962281,0.025840725183176497,0.0012222221954208282,0.021920231278571817,0.044203256506265866,0.34682876143190594,0.2574999999999985,100000,900
301,0.5950521949347523,0.0293951621486081,0.0011616161351816522,0.02197985971243017,0.04300310534218119,0.33880322992801665,0.2550249999999985,100000,900
302,0.5771644361617251,0.027652403867493073,0.0018585858240516649,0.02183390092725555,0.04358357591554522,0.3555595099263721,0.2525499999999985,100000,900
303,0.56990315694944,0.028480606793115537,0.002378787842268745,0.021719379425048826,0.042959320585553844,0.3630393640862571,0.2500749999999985,100000,900
304,0.5690535691631441,0.027475127198009028,0.0026565656159073113,0.02169249539470507,0.042351843415656024,0.36424553321467507,0.2475999999999985,100000,900
305,0.5829213153715763,0.024657418005582358,0.0016969696789359053,0.021871770068796145,0.042436779015180136,0.35107317335075805,0.24512499999999848,100000,900
306,0.6028504369718333,0.02656312720539669,0.0011111110847236382,0.02210069763681127,0.042657168224040004,0.3312805949317084,0.24264999999999848,100000,900
307,0.5989127547707822,0.024283511868367594,0.0011818181588831875,0.022019565438644754,0.0417105874667565,0.33617528544531927,0.24017499999999847,100000,900
308,0.5722842746445288,0.030892720204881496,0.00251515149190608,0.021716835455348093,0.040856160123108165,0.36262758586141797,0.23769999999999847,100000,900
309,0.5996736680985325,0.025048870847870906,0.0011616161393208635,0.02202696092116336,0.041659437683928345,0.3354783274067773,0.23522499999999846,100000,900
310,0.6079461130251487,0.024619503151107995,0.0010454545258026984,0.02212006825953722,0.04063556971856289,0.32825280527273815,0.23274999999999846,100000,900
311,0.6096233997618159,0.030058070797887113,0.0010959595741911066,0.02204663365561929,0.03904127917355961,0.3281927357117335,0.23027499999999845,100000,900
312,0.586766269074546,0.029755698735308315,0.00204040402184344,0.021853307224810124,0.038794530190320475,0.3505455009142558,0.22779999999999845,100000,900
313,0.5790573474081854,0.03167535086369349,0.002439393915442957,0.021732779261138705,0.03827175107060207,0.35849873582522074,0.22532499999999844,100000,900
314,0.6066080755466181,0.02383652457139558,0.0011111110878280468,0.022059641768121058,0.03846965830152233,0.3317515246073405,0.22284999999999844,100000,900
315,0.5998409079139432,0.025674950463904275,0.0012323232077889972,0.021977115563220448,0.038143612836591075,0.33880605002244313,0.22037499999999843,100000,900
316,0.5935205441418414,0.02897121876064274,0.001828282796777785,0.02187067303289142,0.037363213335888254,0.3454172964228524,0.21789999999999843,100000,900
317,0.5818449808895174,0.023176677730451855,0.002348484830516908,0.021737499384002552,0.03666678839673598,0.35740225580003526,0.21542499999999842,100000,900
318,0.6023340844135318,0.026644981222537657,0.00121717169156505,0.0219859519890613,0.03736196108265884,0.3371008427275552,0.21294999999999842,100000,900
319,0.5835371412750747,0.022876013178481824,0.002292929264820284,0.021756052928459314,0.036965981462142534,0.3554479055934482,0.2104749999999984,100000,900
320,0.5929173038615327,0.02663928650836978,0.0019343434150020282,0.02185897729670008,0.0364846044095854,0.3468047844701343,0.2079999999999984,100000,900
321,0.6105437068227264,0.027886505996187527,0.001111111093002061,0.0219911351479176,0.03624652676232573,0.33010753194491066,0.2055249999999984,100000,900
322,0.6145126598700881,0.030866555789899493,0.0010101009926034344,0.022099004596885706,0.03654331341489322,0.3258349326584074,0.2030499999999984,100000,900
323,0.6057896660226915,0.03041392712129487,0.0011060605819026628,0.02199874060538908,0.03590183686465025,0.3352037050326665,0.2005749999999984,100000,900
324,0.6131052557648056,0.025909895435906948,0.0011060605787982544,0.022076785528204506,0.03590958342059619,0.3278023278050953,0.1980999999999984,100000,900
325,0.615541516005372,0.02841876688102881,0.001025252505722973,0.02210013773913185,0.03550267566512856,0.325830428732766,0.19562499999999838,100000,900
326,0.6006922414634998,0.027519631618633866,0.0017575757293444541,0.021930415405788356,0.03466035620826814,0.340959422522121,0.19314999999999838,100000,900
327,0.5935155071095667,0.031030963621516194,0.002111111078928742,0.021809766018349264,0.03416872264558656,0.3483949057923423,0.19067499999999837,100000,900
328,0.6214823305296401,0.027090014328455758,0.0010101009900164272,0.02215164959948096,0.03484108190259172,0.3205148481660419,0.18819999999999837,100000,900
329,0.6049297485935191,0.029589016316458584,0.0015050504884372156,0.02196343435284992,0.034011898105446664,0.33758987817499375,0.18572499999999836,100000,900
330,0.5948754016964489,0.023775491822097036,0.0021010100753563973,0.021822643640140693,0.03360837914980948,0.3475925768083996,0.18324999999999836,100000,900
331,0.6240475781965586,0.030718942432560854,0.0010151514954244098,0.022032399708405138,0.03161593127685289,0.3212889493836297,0.18077499999999835,100000,900
332,0.6229437895450327,0.02563345865967373,0.0009595959411106175,0.02211783590209153,0.03275932970249818,0.3212194602357017,0.17829999999999835,100000,900
333,0.6225093454945212,0.025654956185155446,0.0010404040183251103,0.022112413240182732,0.0322558782218645,0.32208197083738116,0.17582499999999834,100000,900
334,0.6032736537408911,0.026583783094667725,0.0018838383640266128,0.02189541983107726,0.03158610846588595,0.3413609897428089,0.17334999999999834,100000,900
335,0.5994475138973858,0.028677424516321885,0.0022222222092871864,0.0218105421660261,0.030381111910359727,0.3461386195818583,0.17087499999999833,100000,900
336,0.6026934399693791,0.030786713371053338,0.0021161615936499505,0.021848239702069096,0.030364963420563273,0.34297720809777577,0.16839999999999833,100000,900
337,0.6235178798312943,0.028825112560556993,0.0009393939184438851,0.02210637840338879,0.031190522847076258,0.3222458361254798,0.16592499999999832,100000,900
338,0.6264804559987452,0.036350686419755224,0.0010101009905338287,0.022139680083427163,0.030868231253698468,0.3195015434424082,0.16344999999999832,100000,900
339,0.6260166358533833,0.028800021526921127,0.0010404040219469204,0.02211598506093853,0.030336603052500223,0.32049038383695816,0.16097499999999831,100000,900
340,0.6315035572632527,0.027842624820768835,0.0010202020023845964,0.022165283432437313,0.030182422975906068,0.31512854721811084,0.1584999999999983,100000,900
341,0.6185917302707418,0.02694196498538885,0.0011717171454802156,0.021952931797131897,0.028624976978430316,0.32965865598784555,0.1560249999999983,100000,900
342,0.607978495262408,0.031907131970963544,0.0020101009842215314,0.0218535456702941,0.028254966413498752,0.3399029017157025,0.1535499999999983,100000,900
343,0.6266418963681079,0.03079250782624715,0.0010959595710866982,0.022070487968416676,0.028118847735847035,0.3220728223191367,0.1510749999999983,100000,900
344,0.6112042070713101,0.024601248829729028,0.0019444444159873657,0.021874610457776323,0.028028437296032077,0.3369483115275701,0.1485999999999983,100000,900
345,0.636300488633828,0.028101177025172445,0.000929292909697526,0.022175629963684412,0.027886635960700613,0.31270796451303695,0.14612499999999828,100000,900
346,0.6320306272452905,0.02625647948226995,0.0009797979606729415,0.022121804733243253,0.02754964275389082,0.3173181419902378,0.14364999999999828,100000,900
347,0.643367422396938,0.02947225329362684,0.0009545454346678323,0.022236264847839873,0.027255026768996483,0.3061867500013775,0.14117499999999827,100000,900
348,0.6152211110992357,0.02871872453432944,0.001823232301717831,0.02188885524455044,0.02665104025716169,0.33441577017307283,0.13869999999999827,100000,900
349,0.6404817350208759,0.033102469910970996,0.0009191918968119555,0.022199657023366955,0.02632331836502999,0.31007611162132687,0.13622499999999826,100000,900
350,0.6434641508137187,0.025040122260236077,0.0009393939158568779,0.022214123136881325,0.02620220966740615,0.30718013412422607,0.13374999999999826,100000,900
351,0.6394411023995943,0.026976251976771486,0.001020202000832392,0.022115615096150173,0.024899801976150937,0.31252328919039835,0.13127499999999825,100000,900
352,0.6303246515047632,0.033281592465937135,0.0014393939191682471,0.02206377582728035,0.02624483403698024,0.319927355978224,0.12879999999999825,100000,900
353,0.6433684562022487,0.024984306911420492,0.0008686868541149629,0.022203719447263414,0.025083218408851988,0.3084759310219023,0.12632499999999824,100000,900
354,0.6435409830800362,0.028728479070381986,0.0008989898756974273,0.02219439574931231,0.02450891752468629,0.3088567226462894,0.12384999999999824,100000,900
355,0.6218810486333031,0.0334382253461,0.0019292928821717699,0.021907084940208328,0.023706414534503388,0.33057616869608564,0.12137499999999823,100000,900
356,0.6273735004130544,0.03174146532494989,0.001813131290384465,0.021976805088213747,0.023652395327678984,0.3251841755045785,0.11889999999999823,100000,900
357,0.64262242076815,0.028361719329324034,0.0009040403816228112,0.022154216909160217,0.02389219930757665,0.3104271333085166,0.11642499999999822,100000,900
358,0.6244023391066326,0.028220566008757386,0.0019242423938380347,0.021935541444561547,0.023375507205621236,0.3283623793390062,0.11394999999999822,100000,900
359,0.642514930392305,0.026599516922918457,0.0009292929086627232,0.02214071260765195,0.022365240833411616,0.3120498341321945,0.11147499999999821,100000,900
360,0.6563841877318919,0.028135704543027613,0.0007525252343879806,0.02229314904453026,0.022663234808068308,0.2979069143533707,0.10899999999999821,100000,900
361,0.6446730592225989,0.02854506431043976,0.0009242424053243465,0.02207520773427354,0.02101266039794104,0.31131483872731525,0.1065249999999982,100000,900
362,0.6488630244549778,0.02731837902114623,0.0008989898829410473,0.022166859390628006,0.021499091246579255,0.3065720435645845,0.1040499999999982,100000,900
363,0.6438386055806444,0.031108595590210623,0.0012222222021470467,0.02208300448747145,0.020353597041426433,0.31250257982148066,0.1015749999999982,100000,900
364,0.6569438649734689,0.030095622505371768,0.0007979797820250194,0.02222349380246467,0.020135721330427462,0.2998989486694336,0.09909999999999819,100000,900
365,0.6487794017486481,0.02465443788924151,0.000934343414588107,0.02212622187928193,0.019445421533245178,0.3087146208021376,0.09662499999999818,100000,900
366,0.6510816686621143,0.030448264353391197,0.0009191919004337655,0.022130902988008325,0.01908232407954832,0.306785922381613,0.09414999999999818,100000,900
367,0.6536798941137062,0.023797164553155503,0.0009040403867968254,0.022166982000279757,0.01872496410376496,0.3045241276423136,0.09167499999999817,100000,900
368,0.6343859253327052,0.02668410679532422,0.0016919191838759514,0.021918685999181536,0.018607266212865296,0.32339621312088435,0.08919999999999817,100000,900
369,0.659890552326623,0.027655952045590515,0.0008131312956619594,0.02221352633813189,0.018347715885999302,0.2987350828780068,0.08672499999999816,100000,900
370,0.6483831746182922,0.02962918878170765,0.001338383826530642,0.02205501315701339,0.01738463761077987,0.3108388012647629,0.08424999999999816,100000,900
371,0.6554769600845045,0.031824662580879196,0.0009090908947918151,0.022107707781510222,0.017268818831588657,0.30423743098974226,0.08177499999999815,100000,900
372,0.6525914109322831,0.026897909209753077,0.0010202020003149907,0.02212072549905214,0.01696940843636791,0.3072982611258825,0.07929999999999815,100000,900
373,0.6676868657467679,0.028786206489635837,0.000797979780472815,0.02228902744750182,0.0166661272635166,0.2925600065787633,0.07682499999999814,100000,900
374,0.6449052195902913,0.02695604343070752,0.0016464646191646655,0.02196193849771387,0.015573433451613205,0.3159129513634576,0.07434999999999814,100000,900
375,0.6566127936003937,0.02437405280975832,0.0008838383636126916,0.02214843466464016,0.01621106066559959,0.3041438807381524,0.07187499999999813,100000,900
376,0.6473591467883024,0.028310068433897363,0.001626262601154546,0.021998155313647457,0.015457296493307997,0.3135591473182042,0.06939999999999813,100000,900
377,0.6618058622338706,0.0327605218714517,0.0008585858396771882,0.022174013352228534,0.015209217904549505,0.2999523271454705,0.06692499999999812,100000,900
378,0.6658868822786543,0.02868586117401719,0.0008030302863981988,0.022224726535172927,0.015094316074779878,0.29599105060100556,0.06444999999999812,100000,900
379,0.6597276128756089,0.03300845809901754,0.000888888869020674,0.02213699859670467,0.014567464078103916,0.30267904261747997,0.06197499999999812,100000,900
380,0.6727124886214733,0.026988069463210803,0.0007424242282286286,0.022276966693914598,0.013966585454634495,0.2903015406926473,0.059499999999998124,100000,900
381,0.6502538283459014,0.03742157240605189,0.0016313131101843383,0.021940440527266927,0.01364320989465341,0.3125312144226498,0.057024999999998126,100000,900
382,0.6666876945686009,0.028664244349218077,0.0008636363419807619,0.022197849384198585,0.013763647630758997,0.2964871797296736,0.05454999999999813,100000,900
383,0.6700125760026276,0.028655403720008004,0.0007575757387611601,0.0222343728153242,0.013388034221716225,0.2936074484388034,0.05207499999999813,100000,900
384,0.6725508983847168,0.02801233814408382,0.0007929292771344384,0.022256866823881866,0.01285178987024766,0.29154752552509305,0.04959999999999813,100000,900
385,0.6692209673755699,0.025253095686849622,0.0008232323054431213,0.022207831733135713,0.01292336858705514,0.2948246069086923,0.047124999999998134,100000,900
386,0.6681507183699351,0.04307239326648414,0.0008282828108511038,0.022185544730681513,0.012181453785548607,0.2966540104150772,0.044649999999998136,100000,900
387,0.667774940762255,0.0297456308040354,0.0008282828103337023,0.022170945488744313,0.012172953567933291,0.29705288310845696,0.04217499999999814,100000,900
388,0.6769985289266333,0.028013379817000694,0.0007373737181640334,0.02229442422174745,0.011835137601527903,0.2881345401207606,0.03969999999999814,100000,900
389,0.6717265701894131,0.03112715037850042,0.000828282808781498,0.022201396757736802,0.010719403087213222,0.29452435586187575,0.03722499999999814,100000,900
390,0.6772811325432526,0.02772994482682811,0.0007323232148256567,0.022252231338578794,0.010510570992030099,0.28922374692228103,0.034749999999998143,100000,900
391,0.6714825393300917,0.030134144509211182,0.0008383838206322656,0.02213887267021669,0.009652237279418234,0.29588797125551436,0.032274999999998145,100000,900
392,0.6744981468344728,0.022919688754611544,0.0007777777640148997,0.022194878157849113,0.00941295612939737,0.2931162468592326,0.029799999999998147,100000,900
393,0.655910355804695,0.032557428302243355,0.001515151494079166,0.021948604857962992,0.008885513282083493,0.31174037946595085,0.02732499999999815,100000,900
394,0.6581357010950645,0.03192240180240737,0.001535353516228497,0.021980140225754844,0.008952782332643336,0.3093960300419066,0.02484999999999815,100000,900
395,0.6604595475229952,0.030192682038371763,0.0014999999799248246,0.021996398045577938,0.008668570792975111,0.3073754910628001,0.022374999999998153,100000,900
396,0.6861306240451005,0.0315252342245852,0.0006818181638502413,0.02233297701821559,0.00823401796392217,0.28262056913640765,0.019899999999998155,100000,900
397,0.687176415516167,0.026941719967871904,0.0006868686713278294,0.022309672137101492,0.007482435479549976,0.2823446160554886,0.017424999999998157,100000,900
398,0.6868156482196517,0.026692662344107197,0.0006818181643676427,0.022308311292694675,0.007047506226420713,0.2831467233763801,0.014949999999998157,100000,900
399,0.6634232068061828,0.027811316030306947,0.0014545454390140044,0.022001970291344656,0.006593741741639355,0.30652654233906,0.012474999999998158,100000,900
400,0.6902623545626799,0.02778821621193654,0.0006515151360589596,0.022327475209409992,0.006427274682468528,0.2803313868244489,0.01,100000,900
401,0.6784412743580631,0.03458785280481809,0.0008030302807067832,0.02217717749170131,0.006633609188882272,0.2919449155860477,0.01,100000,900
402,0.6891421297689279,0.02673813742482,0.0006767676599944632,0.022347882938467793,0.00663232153986529,0.2812009036540985,0.01,100000,900
403,0.674646551946385,0.028110274675612647,0.0012525252371819483,0.022131472361377545,0.0062399437963742655,0.29572951389683616,0.01,100000,900
404,0.686600493805276,0.029206232607571617,0.0006969696811089913,0.022303612178398505,0.005916199438660341,0.2844827326138814,0.01,100000,900
405,0.6808752593563663,0.02499227926807685,0.0007575757408307658,0.022248093435126876,0.006081551545390135,0.2900375283426709,0.01,100000,900
406,0.6792950751611756,0.03332900797999981,0.0007424242246068186,0.02221963997826808,0.00571219661182517,0.29203067104021707,0.01,100000,900
407,0.680902790174716,0.026431168677906194,0.0007525252354227835,0.022246483073880274,0.006185539506485737,0.2899126690626144,0.01,100000,900
408,0.6894260343702303,0.0346712686188726,0.000661616143770516,0.02235688825344874,0.006186051308824163,0.281369416779942,0.01,100000,900
409,0.6838640753676494,0.030181952939472265,0.0006919191741488046,0.022289134811403023,0.0061611293234293246,0.28699374808205497,0.01,100000,900
410,0.6816007733841737,0.031240594249943063,0.000752525234905382,0.022255879315651126,0.006342591082017558,0.28904823786682554,0.01,100000,900
411,0.6631277479769455,0.03397050718362961,0.0015909090632986692,0.02185158584266901,0.0054791824522989275,0.3079505803518825,0.01,100000,900
412,0.6674213298161824,0.030300562827744418,0.0014343434210038848,0.022054515198493996,0.00638841162924008,0.3027014081345664,0.01,100000,900
413,0.6820405466937357,0.029363570702779625,0.0007626262452039453,0.022280772756785153,0.006935865674685273,0.28798019442293377,0.01,100000,900
414,0.6660485766755624,0.03320167469585107,0.0014494949305016134,0.022047668207022877,0.006169598212194008,0.30428466922707026,0.01,100000,900
415,0.6684131284885936,0.03435408762138751,0.0014242424112227228,0.022070198399532174,0.006627745537439801,0.301464695069525,0.01,100000,900
416,0.6859631504490972,0.030640943725075986,0.0006868686692582237,0.02230991207063198,0.006629188851737935,0.28441088689698113,0.01,100000,900
417,0.6841905750313567,0.030078728856104943,0.0007171717001539138,0.022284930218011142,0.005968512670903389,0.2868388162056605,0.01,100000,900
418,0.6736277599591348,0.02467824413648082,0.001151515140922533,0.022146548744704987,0.006219357542415512,0.2968548255496555,0.01,100000,900
419,0.6817344520323806,0.028029892635014323,0.0007575757403133643,0.022267913460317586,0.006971150338843776,0.2882689130637381,0.01,100000,900
420,0.6804728855689367,0.024943845411762595,0.0007626262441691426,0.022241242014699514,0.006396047908836206,0.29012720425923666,0.01,100000,900
421,0.6785878692153428,0.03476447525434196,0.0008535353321996,0.02211760767011179,0.0057875514560732375,0.2926534437139829,0.01,100000,900
422,0.6896931557108958,0.030812276291350523,0.0007121211926763257,0.02234355607897871,0.00681767217115622,0.28043350219726565,0.01,100000,900
423,0.6671491091346575,0.027525252672947115,0.0014343434210038848,0.02205652291058666,0.006875536121531493,0.30248449352052476,0.01,100000,900
424,0.683042930604683,0.029710119470126098,0.0007575757408307658,0.022250937943657238,0.006275159859635298,0.28767339799139235,0.01,100000,900
425,0.6897394626090924,0.027188410360055665,0.0006818181643676427,0.02232805345724854,0.006403944561574866,0.2808467271592882,0.01,100000,900
426,0.6920176085146765,0.03123505311604175,0.0006717171540690793,0.02235622562571532,0.006013289851107401,0.27894116474522485,0.01,100000,900
427,0.6894619335648087,0.03541941221906907,0.0006969696780045827,0.02232235306253036,0.0064317995759322205,0.28108695142798956,0.01,100000,900
428,0.6899940543621779,0.03326421835149328,0.0006919191741488046,0.022342092561432058,0.0068377306339809565,0.28013420985804666,0.01,100000,900
429,0.6831807683159907,0.029665256645530463,0.0007474747289799981,0.022259862270827095,0.006987096209130767,0.28682480341858335,0.01,100000,900
430,0.682590553984046,0.03243198333722022,0.000757575739795963,0.022252930752519103,0.007039764358002382,0.2873591775364346,0.01,100000,900
431,0.6781009275466203,0.03159057355278896,0.00083838381856266,0.022086511268797848,0.006043058846100595,0.2929311227798462,0.01,100000,900
432,0.6887289820942614,0.03741058090805179,0.0006919191741488046,0.02230842962136699,0.007163706636395849,0.28110696448220146,0.01,100000,900
433,0.6758212888530559,0.03758403450664547,0.0012626262464457089,0.022155186648791035,0.0077983725418259075,0.29296253230836655,0.01,100000,900
434,0.6704772409548362,0.03274799523771637,0.00143939392020305,0.02203780927384893,0.006552347826549926,0.299493212501208,0.01,100000,900
435,0.6704306526916722,0.03185785257257521,0.0014191919047799376,0.022063111149602466,0.006803392279608589,0.2992836566103829,0.01,100000,900
436,0.6905209251989921,0.02872273241273231,0.0006818181648850441,0.022336712214681836,0.006928212149990335,0.27953233891063267,0.01,100000,900
437,0.6831856740680006,0.034773233472887015,0.0007575757382437587,0.02226014300870399,0.0077732372096539215,0.2860233743985494,0.01,100000,900
438,0.6829446942028072,0.030382205798394152,0.0007626262441691426,0.0222352288559907,0.0069271876041845344,0.28713026649422113,0.01,100000,900
439,0.6781462952618798,0.0370325376952274,0.0011464646241317192,0.02215978008074065,0.006522819457798808,0.2920246461364958,0.01,100000,900
440,0.6700019012288086,0.033170206776509684,0.001444444428715441,0.022060338274265328,0.007136516549540425,0.2993568033642239,0.01,100000,900
441,0.6846022722621758,0.03539798892724017,0.0007171717001539138,0.022176082821355924,0.006164311720398877,0.2863401684165001,0.01,100000,900
442,0.6860701287456322,0.04253126097843051,0.0007171716986017094,0.02227145108394325,0.00728539789479934,0.2836558556887839,0.01,100000,900
443,0.6664689891826775,0.0403758874680433,0.0014393939222726558,0.022034516636696127,0.007935353331397185,0.30212175170580546,0.01,100000,900
444,0.6894801602419466,0.03200208385061059,0.0006767676599944632,0.02230946737755504,0.007150879136234935,0.2803827318880293,0.01,100000,900
445,0.6700766311710079,0.031183263345931966,0.0014141413983371522,0.022055609280036557,0.0069492595339155135,0.299504363934199,0.01,100000,900
446,0.6845044325126542,0.033000715056227314,0.0007474747320844067,0.022246234114799236,0.00728017185918159,0.285221689608362,0.01,100000,900
447,0.672108479289131,0.03418823500474294,0.0013282828146798744,0.022111647009021705,0.0077448377806770925,0.2967067587375641,0.01,100000,900
448,0.689275893577271,0.037598094367939566,0.0006767676594770617,0.022321859144916138,0.007108149695818106,0.28061733338567946,0.01,100000,900
449,0.6678563124976225,0.037722891331132914,0.001398989886769818,0.02205398539081216,0.0077391801864885364,0.30095153523816004,0.01,100000,900
450,0.6828736613276932,0.029463709213046564,0.0007474747289799981,0.02223323962961634,0.007145374877630578,0.287000254491965,0.01,100000,900
451,0.6844334182143211,0.03346562838595774,0.0006767676605118646,0.02215826715963582,0.006597400979784045,0.28613414780961144,0.01,100000,900
452,0.6675849899960061,0.03056001875963476,0.0014242424081183141,0.02204077705947889,0.007729492753084439,0.3012205028533936,0.01,100000,900
453,0.6854984587265386,0.03418663037319978,0.0006868686692582237,0.022269326207331484,0.007471240822180537,0.2840741118457582,0.01,100000,900
454,0.66490373701685,0.033438980157176654,0.0014444444245762294,0.02201077043596241,0.007674968157807598,0.30396608564588756,0.01,100000,900
455,0.6753421111032367,0.03264700348282026,0.0010404040224643216,0.022172090547780195,0.007945434785376872,0.29349996507167814,0.01,100000,900
456,0.6663502074715992,0.03438733091681368,0.00143939392020305,0.022025876806841958,0.006957988063255066,0.3032265396250619,0.01,100000,900
457,0.6851872492250469,0.029790245005343524,0.0007121211937111285,0.02226457901712921,0.006661931324423575,0.28517412688997057,0.01,100000,900
458,0.689864440822146,0.038761503701098265,0.000671717156138685,0.022326532085943554,0.0066665827677611054,0.28047073403994244,0.01,100000,900
459,0.668722958792415,0.03224244630740335,0.001429292915078501,0.022032010947457617,0.0064553214225937456,0.3013604203859965,0.01,100000,900
460,0.6864810064103868,0.030105146096708873,0.0007020201859995723,0.02227435434444083,0.006454509210177801,0.284088117910756,0.01,100000,900
461,0.6769593412594663,0.03969489499202205,0.00074242422512422,0.02207332571864956,0.006422656919852064,0.29380225711398655,0.01,100000,900
462,0.6696771322666771,0.030767090914564,0.0013838383710632722,0.022035551418860752,0.006137100600802417,0.30076638526386684,0.01,100000,900
463,0.6647663257519404,0.03524621874818371,0.001429292917665508,0.021991316922422913,0.006696893330437079,0.3051161764065425,0.01,100000,900
464,0.6877118925584688,0.03315090918706523,0.0006868686692582237,0.02229250010723869,0.00641246841825907,0.28289627896414865,0.01,100000,900
465,0.6927241670412736,0.03163875309129556,0.0006363636198350125,0.022325115404609176,0.005533549603949521,0.27878081103165947,0.01,100000,900
466,0.6868209831333822,0.029455513920014102,0.0006818181643676427,0.022268590327973167,0.006253944202390913,0.2839746699399418,0.01,100000,900
467,0.6821321012079715,0.033453388831888635,0.0007575757403133643,0.022202185979112984,0.005911245419508001,0.2889969003531668,0.01,100000,900
468,0.6881539207282994,0.02793058005782465,0.0006868686708104279,0.02229971593245864,0.006492144903685483,0.2823673579427931,0.01,100000,900
469,0.6799947188463475,0.025759991871503494,0.0007727272544677059,0.022187292935947577,0.006117010020809378,0.2909282576044401,0.01,100000,900
470,0.684223110270169,0.03579935144374354,0.0007020201859995723,0.02222863540260328,0.0062401822930769416,0.2866060594055388,0.01,100000,900
471,0.6810210788663891,0.030962780236990915,0.000686868669775625,0.022128703847734466,0.006140011804204227,0.29002334511942335,0.01,100000,900
472,0.6859823514603907,0.032714543376738826,0.0006969696811089913,0.02227049005838732,0.007413619304903073,0.28363657553990684,0.01,100000,900
473,0.6710797542726828,0.03332980634178966,0.001308080790978339,0.02206953005658256,0.007173745565346002,0.2983688924378819,0.01,100000,900
474,0.6804936948832538,0.02905861429663168,0.0007777777614278925,0.022185677502097354,0.0060614193490214855,0.2904814369810952,0.01,100000,900
475,0.6812510616539253,0.037157224655254846,0.0007525252343879806,0.02219596894354456,0.006240102856455552,0.2895603489875793,0.01,100000,900
476,0.6899549522995949,0.026816842534268897,0.0006818181669546498,0.02230765528459516,0.006464526252748328,0.2805910539627075,0.01,100000,900
477,0.6868599332351651,0.03163633694561819,0.0006818181643676427,0.022266777465119958,0.00640812373136416,0.2837833528386222,0.01,100000,900
478,0.6921042083866067,0.044391415108305715,0.0006363636198350125,0.0223390847703235,0.007090232379139505,0.2778301154904895,0.01,100000,900
479,0.6692077796906233,0.038265650841510956,0.001429292910421888,0.02201196553496023,0.0057605007067953315,0.3015904656383726,0.01,100000,900
480,0.6916731795006328,0.03059913334540195,0.0006666666491784983,0.022327874983764356,0.006543547889612253,0.27878873851564195,0.01,100000,900
481,0.6688801109376881,0.031499157776642174,0.0012474747265999516,0.02194324908674591,0.005709224974475041,0.30221994585461087,0.01,100000,900
482,0.6792567784421973,0.0394455517280019,0.00074242422512422,0.02218858585279021,0.007777414953678898,0.2900348014632861,0.01,100000,900
483,0.6866516240230865,0.028042802513680524,0.0007070706883031461,0.02227158625403212,0.007335879213771679,0.283033845755789,0.01,100000,900
484,0.6864514555533727,0.03479258670161168,0.0006767676594770617,0.02226637428936859,0.007286985917833388,0.2833184230327606,0.01,100000,900
485,0.6683283547601766,0.033941301579276724,0.0013939393808444342,0.022009911836228437,0.006824139531834387,0.30144366078906587,0.01,100000,900
486,0.6868399632308219,0.03108987979383932,0.0006868686708104279,0.022276624950269858,0.007177200021607051,0.28301934911145105,0.01,100000,900
487,0.6860375918861893,0.03938802604615274,0.0007020201854821709,0.02224729271605611,0.005924211380026665,0.2850888904598024,0.01,100000,900
488,0.6797520970056454,0.03439665304703845,0.0008434343255228466,0.02217466054794689,0.006114521263484171,0.2911152936352624,0.01,100000,900
489,0.6872980272935496,0.03572399992237074,0.000707070689337949,0.022267398059161173,0.006125528350304295,0.28360198259353636,0.01,100000,900
490,0.6684900777745578,0.03288826732948009,0.0014646464441385534,0.022005882178329758,0.005392283323065688,0.30264711731010013,0.01,100000,900
491,0.6652437973436383,0.03608083778992295,0.001419191901675529,0.021904520327225327,0.006447212977283117,0.30498528761996163,0.01,100000,900
492,0.6875213110115793,0.03021589402626786,0.0007222222071141004,0.02228555424966746,0.00647804818591491,0.2829928664366404,0.01,100000,900
493,0.6868554789531562,0.03486805699972643,0.00071212119422853,0.022274582269084124,0.006857319113300441,0.28330050567785897,0.01,100000,900
494,0.6692655534876717,0.039103598138317465,0.0014494949341234233,0.022042155677659644,0.0068841956974776825,0.3003586047225528,0.01,100000,900
495,0.6720091847247548,0.026197518158911002,0.0013888888712972403,0.022074688649218945,0.006486086691972257,0.2980411563316981,0.01,100000,900
496,0.6843916771560907,0.038962857331563204,0.0007626262452039453,0.022252507768571378,0.006629064820683399,0.28596413102414875,0.01,100000,900
497,0.6907907633193665,0.03183329246213867,0.000671717156138685,0.02234073342031075,0.0072509688562422524,0.2789458253648546,0.01,100000,900
498,0.6783079361501667,0.035251986513742145,0.0010454545340811213,0.022176498554440007,0.007095932874928824,0.29137418617804844,0.01,100000,900
499,0.6698430155776441,0.0280170547708662,0.0014191919032277333,0.022049341972710357,0.00648630702184164,0.30020214882161883,0.01,100000,900
500,0.6940211830702093,0.03378144502898471,0.0006616161442879173,0.022375751439895893,0.007085185907118203,0.2758562687370512,0.01,100000,900
501,0.6809815857062738,0.03275761470819513,0.000757575739795963,0.022098404350173143,0.005662019272939587,0.2905004218220711,0.01,100000,900
502,0.6789793266811305,0.031766985899044406,0.00117171716151966,0.022146964279106923,0.006118388821746016,0.2915836085875829,0.01,100000,900
503,0.6896901133490934,0.03316705773584545,0.0006767676594770617,0.022302647768002417,0.00698880844888562,0.2803416707449489,0.01,100000,900
504,0.6904826634708378,0.033053597671290236,0.0006969696790393856,0.02229437142300109,0.005843877273841321,0.28068212310473123,0.01,100000,900
505,0.6883751280398832,0.04389997438217203,0.0007070706888205475,0.022279429420207938,0.006401183928533606,0.2822371940480338,0.01,100000,900
506,0.6840806522137589,0.03056420755262176,0.0007424242240894172,0.022238485152936645,0.006481777907562597,0.2864566663901011,0.01,100000,900
507,0.6958472028126319,0.034843379323267275,0.0006464646306509773,0.022375394884083005,0.0064262747923203275,0.27470466991265613,0.01,100000,900
508,0.6730000952693324,0.026819035343618857,0.0013939393813618356,0.022055460747538343,0.005754516856848366,0.2977959935532676,0.01,100000,900
509,0.6861005417754252,0.03622269194159243,0.000747474730014801,0.022236204818925923,0.00596502796872907,0.28495075470871395,0.01,100000,900
510,0.6790329928903116,0.04045668832336863,0.001166666645763649,0.022137374190820586,0.006075080610033991,0.29158789217472075,0.01,100000,900
511,0.6800993279450469,0.04650351341813803,0.0007676767490597234,0.02211545557818479,0.006082062088745362,0.29093548132313624,0.01,100000,900
512,0.6809053895539707,0.03592666009234058,0.0010151514943896069,0.022162582295843298,0.005911451935179583,0.2900054329633713,0.01,100000,900
513,0.6957279421968593,0.03342479188098676,0.0006515151345067554,0.022354524897204506,0.006045140007142132,0.2752208813031514,0.01,100000,900
514,0.6923469602813324,0.04588931313094993,0.0006767676594770617,0.022323165488325886,0.0059912686555374725,0.27866184208128186,0.01,100000,900
515,0.6735224458554553,0.030061201265909606,0.001419191907884346,0.022071332548641496,0.006551989599506164,0.2964350480503506,0.01,100000,900
516,0.6712188671591381,0.03462530463002622,0.0014141413998893565,0.022035515372537905,0.005763686835820812,0.29956779314412013,0.01,100000,900
517,0.6707514779145519,0.036659831903460956,0.0014292929166307051,0.022043962470359273,0.0059060006166691895,0.2998692723777559,0.01,100000,900
518,0.6879936321162515,0.035069601540971135,0.0007525252354227835,0.02226072836253378,0.005838919499559172,0.2831542017062505,0.01,100000,900
519,0.6739537773695257,0.03118235773510403,0.0013888888749190502,0.022083548347776136,0.006178262894160677,0.29639552937613595,0.01,100000,900
520,0.6755152334397038,0.03197611858757834,0.0013232323139285049,0.02211171933449805,0.0060356126289874135,0.29501420862144895,0.01,100000,900
521,0.6766594236261315,0.04348724912334648,0.0007979797794380122,0.02208112349216309,0.006085383391550244,0.2943760954009162,0.01,100000,900
522,0.6760484656691551,0.039673188741629326,0.0012575757420725292,0.022090629547213515,0.005731452791280592,0.2948718837896983,0.01,100000,900
523,0.6836145805650288,0.03795044815788667,0.0007424242261590229,0.022202667171756427,0.006194393663325981,0.2872459398375617,0.01,100000,900
524,0.6692812660646935,0.03406393543817103,0.001459595934073958,0.022014155889757806,0.0059443798240519955,0.30130060762166977,0.01,100000,900
525,0.6874984658012787,0.038426211137945455,0.0007070706888205475,0.022246020230361156,0.005635931416537561,0.2839125166998969,0.01,100000,900
526,0.6807828006106946,0.04072891455868052,0.0008030302832937903,0.02217323911272817,0.005836793759016372,0.2904041408830219,0.01,100000,900
527,0.6877130023679799,0.04658452795404527,0.000696969679556787,0.022258008611905907,0.005775809168084783,0.28355621529950037,0.01,100000,900
528,0.6718383417382009,0.03574098369468831,0.00140909088930736,0.0220360349636111,0.005373220442480588,0.29934331874052683,0.01,100000,900
529,0.6805043168200386,0.038179460153397585,0.0007878787706916531,0.022181713625581728,0.006233820796413865,0.29029227568043603,0.01,100000,900
530,0.6739116563068496,0.032604764730462595,0.0013232323097892933,0.022055477834203176,0.005649551960814279,0.29706008507145776,0.01,100000,900
531,0.6695932892296049,0.03241575495650371,0.0012626262459283074,0.021975728052978715,0.006045301171883087,0.30112305856413313,0.01,100000,900
532,0.6874916544473834,0.04166850104307135,0.0007373737186814348,0.02226865014889174,0.006009660224064848,0.2834926682048374,0.01,100000,900
533,0.6822020628882779,0.04214937003743317,0.0007727272544677059,0.022198349675163626,0.005455318424776326,0.28937154829502104,0.01,100000,900
534,0.6821281751659182,0.03671118756135305,0.0007676767495771249,0.02217536580748856,0.005133766444632783,0.2897950226068497,0.01,100000,900
535,0.677933564653827,0.03665451511947645,0.0010454545335637198,0.022152892356324526,0.005854674397770497,0.2930134197076162,0.01,100000,900
536,0.6881002252052227,0.03578311352473166,0.0006919191741488046,0.022277640119815867,0.005519567149660563,0.28341065280967287,0.01,100000,900
537,0.6910818573873904,0.038650043595375286,0.0006666666496958997,0.022309285243973135,0.005935544260185755,0.28000665333535935,0.01,100000,900
538,0.687728492245078,0.035412593016193976,0.0007020201854821709,0.022264449509481588,0.005411830809494454,0.2838932116164101,0.01,100000,900
539,0.669707218054682,0.03469596881626381,0.001404040382347173,0.022037269871474967,0.0055422214770482646,0.3013092580768797,0.01,100000,900
540,0.6868329086816973,0.03302331621655159,0.000702020184447368,0.022278509931638837,0.005691696402597396,0.28449487096733517,0.01,100000,900
541,0.6767913062456581,0.04401405242168241,0.0007676767490597234,0.022072910343607265,0.005607336126255784,0.29476077636082965,0.01,100000,900
542,0.6909128575026989,0.04162708120420575,0.000671717156138685,0.022309784774358073,0.006056374635178751,0.2800492715173297,0.01,100000,900
543,0.6707092270337873,0.033665150402941636,0.0013939393777400255,0.022020934215850302,0.005664547042882381,0.30021135763989554,0.01,100000,900
544,0.6881160457846192,0.028760050670761202,0.0006767676599944632,0.022253527564720973,0.005749269436669743,0.2832043965657552,0.01,100000,900
545,0.666844470196714,0.039006569302744334,0.0014343434215212862,0.021957261824152537,0.005335601762898376,0.30442832708358764,0.01,100000,900
546,0.688546206454436,0.04109386199464401,0.000696969679556787,0.022255550890954004,0.005513732389533996,0.28298754506640966,0.01,100000,900
547,0.6670902731435167,0.038067090270212954,0.0014444444302676453,0.021979414500916998,0.005595131010203557,0.30389074093765683,0.01,100000,900
548,0.6789243476092816,0.038080495468651256,0.0007979797789206107,0.02212467449510263,0.0054636022980331395,0.2926894008782175,0.01,100000,900
549,0.6670058900076482,0.04019463670750459,0.0014343434168646732,0.021958105890080334,0.0050846882709366685,0.30451697614457873,0.01,100000,900
550,0.6901661266220941,0.04407633903022442,0.0006767676605118646,0.022272554581157036,0.005394991014505245,0.2814895641141468,0.01,100000,900
551,0.6700940584287876,0.03605556352684895,0.00115656564788272,0.02197669064315657,0.0056416079635851525,0.301131083269914,0.01,100000,900
552,0.6799666803826888,0.034574690788156455,0.0008282828098163009,0.022140000292824376,0.0057890276210997,0.29127601580487356,0.01,100000,900
553,0.6915377239055104,0.03280975349661377,0.0006767676625814703,0.02228184788591332,0.005533350154566708,0.2799703128470315,0.01,100000,900
554,0.6926885664711396,0.029346678640900386,0.0006515151360589596,0.02229780948927833,0.005681885537762557,0.2786802279949188,0.01,100000,900
555,0.6800070703609122,0.030925392811704012,0.0007777777609104912,0.022155288103967906,0.005985335919556544,0.2910745351844364,0.01,100000,900
556,0.6812290638850795,0.0453768430205269,0.0007575757392785616,0.022156918573503694,0.006100863451518106,0.28975558310747146,0.01,100000,900
557,0.6811192768398259,0.03558300976279295,0.000772727253432903,0.022156116443996628,0.005875104640330796,0.2900767790608936,0.01,100000,900
558,0.6872876761274205,0.048318865647953416,0.0006818181643676427,0.02223111040579776,0.0061190008578099276,0.2836803954839706,0.01,100000,900
559,0.6669056084793475,0.03680695753648049,0.001419191901675529,0.02196375800193184,0.005968134642882635,0.3037433130873574,0.01,100000,900
560,0.6893735657052862,0.04173447863716218,0.0006717171551038822,0.02224629202650653,0.005595511264036759,0.28211291919151943,0.01,100000,900
561,0.6698731836221284,0.0404850871871329,0.001282828259281814,0.021953654632800156,0.006757277372348148,0.3001330588261286,0.01,100000,900
562,0.6820518427714706,0.03555637533672982,0.0007626262436517411,0.022205268325698045,0.006361955692894602,0.28861831433243224,0.01,100000,900
563,0.6918135062853495,0.04116954513101114,0.000686868669775625,0.022325901839261253,0.006488032625186153,0.27868569446934593,0.01,100000,900
564,0.6688275010904504,0.033635098301909035,0.00142424241018792,0.02199175692266888,0.006091602378025224,0.3016649039255248,0.01,100000,900
565,0.6715231885936939,0.04597073545369009,0.001393939371013807,0.022029904714888998,0.005786235496117216,0.29926673498418593,0.01,100000,900
566,0.6931283594667912,0.0374572481515093,0.0006666666512481041,0.02233800676340858,0.006961126621625024,0.27690584785408445,0.01,100000,900
567,0.6768420982857545,0.039083053143695,0.0011767676658928394,0.022114409416293106,0.006089116861734915,0.293777610262235,0.01,100000,900
568,0.6914254065520233,0.04210260056062705,0.0006666666496958997,0.02228865185752511,0.006067341085274368,0.27955194148752427,0.01,100000,900
569,0.6774318853558765,0.03391940098462833,0.0011515151316093073,0.022119098279832137,0.006008261427470845,0.2932892474532127,0.01,100000,900
570,0.6853579955548048,0.034594669769414596,0.0007323232163778609,0.02223510968705846,0.006314128281293152,0.2853604452477561,0.01,100000,900
571,0.6674070851546194,0.03894427817418344,0.0014141414009241594,0.02192981237028208,0.006084754136653727,0.3031642139951388,0.01,100000,900
572,0.6816577993084987,0.04051958021397392,0.000823232303890917,0.022207499514851306,0.0063525627118158606,0.28895891017384,0.01,100000,900
573,0.6756470303527183,0.03731930416905218,0.0012676767503014869,0.022108287844392987,0.00597137855162954,0.295005631380611,0.01,100000,900
574,0.6917296584033303,0.04113221572091182,0.0006818181643676427,0.02232047642581165,0.006567334229904292,0.2787007212638855,0.01,100000,900
575,0.6734247030897274,0.04352903143813213,0.0014040403916603988,0.022082909672624534,0.006035167409540413,0.29705318530400593,0.01,100000,900
576,0.6784804873789351,0.04863999832731982,0.0011666666452462475,0.022138699872626198,0.00641829665946716,0.2917958559592565,0.01,100000,900
577,0.6841759710841708,0.038434640870740014,0.0007626262446865439,0.022247466414959893,0.006520315318323103,0.28629362834824457,0.01,100000,900
578,0.6746413689603408,0.04326866602421635,0.0013484848275159796,0.02210962235720621,0.006406902390182141,0.29549362778663635,0.01,100000,900
579,0.6686123021490251,0.03152599711178078,0.0014545454343573914,0.022048600875876016,0.0068783112258178234,0.3010062457455529,0.01,100000,900
580,0.689048908903367,0.044734639637172224,0.0006919191736314031,0.022299843709915876,0.0060894259607691004,0.28186990876992546,0.01,100000,900
581,0.6851439748373297,0.050935040711321766,0.0006767676589596603,0.022228612173348664,0.007655057057567723,0.28429559379816055,0.01,100000,900
582,0.6796003405915366,0.03412152854932679,0.0011464646277535293,0.02220905010484987,0.007149959289300669,0.2898941920863258,0.01,100000,900
583,0.6907008976903226,0.04068300320766866,0.0006767676594770617,0.022359325788501236,0.007365215230157547,0.27889780037932926,0.01,100000,900
584,0.6736106634926465,0.040605807793844075,0.0013737373623169131,0.022130943784076307,0.007223785050122791,0.2956608757045534,0.01,100000,900
585,0.6893661580979824,0.04384355538110766,0.0007070706888205475,0.02234681415061156,0.007078146269308895,0.28050181792842016,0.01,100000,900
586,0.6879343539807532,0.032653130683013135,0.000707070689337949,0.022340679018654757,0.007556329599885632,0.28146157456768883,0.01,100000,900
587,0.6944809463371833,0.042794467236122326,0.0006414141252429949,0.02241711906157434,0.007451083839728704,0.2750094469388326,0.01,100000,900
588,0.6710741385776136,0.04005820037279692,0.001409090895516177,0.02209558696486056,0.0067825280305826,0.2986386635568407,0.01,100000,900
589,0.6904510043064753,0.029872373069326084,0.000691919174666206,0.022368223302894168,0.007638665779720921,0.2788501950105031,0.01,100000,900
590,0.6891570146174895,0.03577801214117143,0.0007171716986017094,0.022359617531506552,0.007267841359571321,0.28049836417039237,0.01,100000,900
591,0.6693903161647419,0.04441652168623275,0.001424242409153117,0.02201958978962567,0.007021737580588605,0.3001441192295816,0.01,100000,900
592,0.6904841839522123,0.03568056998567449,0.0006868686692582237,0.02233128051066564,0.00693356100692957,0.27956411050425634,0.01,100000,900
593,0.6850890466322501,0.035510556798221335,0.0007575757423829701,0.022267883432408174,0.0070998679077860696,0.2847856336169773,0.01,100000,900
594,0.6799204402541121,0.0432069095193098,0.0010303030183745755,0.022182360041058724,0.006830092961657404,0.2900368101729287,0.01,100000,900
595,0.6716962148497502,0.0414885998569015,0.0013888888718146418,0.022082033108712897,0.006698222003970942,0.2981346467137337,0.01,100000,900
596,0.6808242651902967,0.037801311372054947,0.0008484848293786247,0.022209893402953942,0.0069701303198720175,0.28914723250601027,0.01,100000,900
597,0.6835363134658999,0.03771732982351548,0.0007676767495771249,0.022247929855560265,0.007416853231196809,0.28603123168150585,0.01,100000,900
598,0.6902298281176222,0.049105602094075745,0.000686868669775625,0.022326087126922276,0.007224186942740845,0.2795330357551575,0.01,100000,900
599,0.6914318421896961,0.038397037896017235,0.0006868686708104279,0.022330857860959237,0.006496612636737053,0.27905382533868156,0.01,100000,900
600,0.6880661188479927,0.03403843073898719,0.000707070689337949,0.022301706881779765,0.007324143567829095,0.281600964764754,0.01,100000,900
